-- MySQL dump 10.16  Distrib 10.1.35-MariaDB, for Win32 (AMD64)
--
-- Host: localhost    Database: jisa
-- ------------------------------------------------------
-- Server version	10.1.35-MariaDB

/*!40101 SET @OLD_CHARACTER_SET_CLIENT=@@CHARACTER_SET_CLIENT */;
/*!40101 SET @OLD_CHARACTER_SET_RESULTS=@@CHARACTER_SET_RESULTS */;
/*!40101 SET @OLD_COLLATION_CONNECTION=@@COLLATION_CONNECTION */;
/*!40101 SET NAMES utf8 */;
/*!40103 SET @OLD_TIME_ZONE=@@TIME_ZONE */;
/*!40103 SET TIME_ZONE='+00:00' */;
/*!40014 SET @OLD_UNIQUE_CHECKS=@@UNIQUE_CHECKS, UNIQUE_CHECKS=0 */;
/*!40014 SET @OLD_FOREIGN_KEY_CHECKS=@@FOREIGN_KEY_CHECKS, FOREIGN_KEY_CHECKS=0 */;
/*!40101 SET @OLD_SQL_MODE=@@SQL_MODE, SQL_MODE='NO_AUTO_VALUE_ON_ZERO' */;
/*!40111 SET @OLD_SQL_NOTES=@@SQL_NOTES, SQL_NOTES=0 */;

--
-- Table structure for table `jisa_alunos`
--

DROP TABLE IF EXISTS `jisa_alunos`;
/*!40101 SET @saved_cs_client     = @@character_set_client */;
/*!40101 SET character_set_client = utf8 */;
CREATE TABLE `jisa_alunos` (
  `id_aluno` int(11) NOT NULL AUTO_INCREMENT,
  `ra` varchar(50) NOT NULL,
  `nome_aluno` varchar(150) DEFAULT NULL,
  `codcur` int(11) DEFAULT NULL,
  `codper` int(11) DEFAULT NULL,
  `matriz_curricular` varchar(50) NOT NULL,
  `turma` varchar(30) DEFAULT NULL,
  `email` varchar(50) DEFAULT NULL,
  PRIMARY KEY (`id_aluno`)
) ENGINE=InnoDB AUTO_INCREMENT=327 DEFAULT CHARSET=utf8;
/*!40101 SET character_set_client = @saved_cs_client */;

--
-- Dumping data for table `jisa_alunos`
--

LOCK TABLES `jisa_alunos` WRITE;
/*!40000 ALTER TABLE `jisa_alunos` DISABLE KEYS */;
INSERT INTO `jisa_alunos` VALUES (1,'C150217','HENRIQUE LOPES DE ASSUNÇÃO',23,3,'EM - 3ª SÉRIE','M3CAM','henrique.assuncao@alunoct.santoagostinho.com.br'),(2,'C006055','GABRIELA ASSUNÇÃO FONSECA',23,3,'EM - 3ª SÉRIE','M3CAM','gabriela.fonseca@alunoct.santoagostinho.com.br'),(3,'C006008','BÁRBARA LOPES MONTEIRO OLIVEIRA',23,3,'EM - 3ª SÉRIE','M3CAM','barbara.oliveira@alunoct.santoagostinho.com.br'),(4,'C005706','MARIA EDUARDA MILAGRES FONSECA',23,3,'EM - 3ª SÉRIE','M3CAM','maria.fonseca@alunoct.santoagostinho.com.br'),(5,'C005668','MARIA CLARA PIRES DE FREITAS',23,3,'EM - 3ª SÉRIE','M3CAM','maria.clara@alunoct.santoagostinho.com.br'),(6,'C005521','CLARA GONÇALVES DE PAULA',23,3,'EM - 3ª SÉRIE','M3CBM','clara.paula@alunoct.santoagostinho.com.br'),(7,'C006328','GIULIA SALGADO AZEVEDO',23,3,'EM - 3ª SÉRIE','M3CAM','giulia.azevedo@alunoct.santoagostinho.com.br'),(8,'C006325','ANA CAROLINA GRIPP DO CARMO',23,3,'EM - 3ª SÉRIE','M3CBM','ana.carmo@alunoct.santoagostinho.com.br'),(9,'C006244','LUCAS ALMEIDA BRANDÃO',23,3,'EM - 3ª SÉRIE','M3CBM','lucas.brandao@alunoct.santoagostinho.com.br'),(10,'C006243','BEATRIZ AUGUSTO NOVAIS',23,3,'EM - 3ª SÉRIE','M3CBM','beatriz.novais@alunoct.santoagostinho.com.br'),(11,'C006241','HENRIQUE ARAÚJO MOURA',23,3,'EM - 3ª SÉRIE','M3CAM','henrique.moura@alunoct.santoagostinho.com.br'),(12,'C006110','ANA RAQUEL OLIVEIRA AMORIM',23,3,'EM - 3ª SÉRIE','M3CAM','ana.amorim@alunoct.santoagostinho.com.br'),(13,'C090247','KALEW ALVES RODRIGUES',23,3,'EM - 3ª SÉRIE','M3CAM','kalew.rodrigues@alunoct.santoagostinho.com.br'),(14,'C150216','CAMILA DE PAULA LOPES LOBATO',23,3,'EM - 3ª SÉRIE','M3CAM','camila.lobato@alunoct.santoagostinho.com.br'),(15,'C090093','ANA LUIZA REIS SILVA',23,3,'EM - 3ª SÉRIE','M3CBM','ana.reis@alunoct.santoagostinho.com.br'),(16,'C160192','ANA LUIZA DE FREITAS SILVA',23,3,'EM - 3ª SÉRIE','M3CBM','ana.luiza@alunoct.santoagostinho.com.br'),(17,'C090088','SOFIA LARA DIAS DE MORAIS',23,3,'EM - 3ª SÉRIE','M3CAM','sofia.morais@alunoct.santoagostinho.com.br'),(18,'C006440','PAULO HENRIQUE DE OLIVEIRA ROCHA',23,3,'EM - 3ª SÉRIE','M3CBM','paulo.rocha@alunoct.santoagostinho.com.br'),(19,'C100258','ANA CLARA RACHID MIRANDA',23,3,'EM - 3ª SÉRIE','M3CBM','ana.rachid@alunoct.santoagostinho.com.br'),(20,'C100232','GUILHERME MARINHO ANTONUCCI MARTINS',23,3,'EM - 3ª SÉRIE','M3CAM','guilherme.martins@alunoct.santoagostinho.com.br'),(21,'C100221','LUCAS PICININ CAMPOS LUTTI',23,3,'EM - 3ª SÉRIE','M3CBM','lucas.lutti@alunoct.santoagostinho.com.br'),(22,'C150227','MARIANA ASSUNÇÃO CUNHA',23,3,'EM - 3ª SÉRIE','M3CBM','mariana.cunha@alunoct.santoagostinho.com.br'),(23,'C090283','ALAN ALMADA RIBEIRO PRADO',23,3,'EM - 3ª SÉRIE','M3CBM','alan.prado@alunoct.santoagostinho.com.br'),(24,'C090279','LARYSSA GIOVANA FIGUEIREDO GOMES',23,3,'EM - 3ª SÉRIE','M3CBM','laryssa.gomes@alunoct.santoagostinho.com.br'),(25,'C120141','MURILO HENRIQUES RABELO',23,3,'EM - 3ª SÉRIE','M3CAM','murilo.rabelo@alunoct.santoagostinho.com.br'),(26,'C120133','CAMILLA OLIVEIRA ELIAS',23,3,'EM - 3ª SÉRIE','M3CAM','camilla.elias@alunoct.santoagostinho.com.br'),(27,'C120132','LUCAS MONTEIRO DELGADO',23,3,'EM - 3ª SÉRIE',NULL,'LUIZ.DELGADO@IG.COM.BR'),(28,'C120129','IZABELA MARIANO FONSECA ALVES',23,3,'EM - 3ª SÉRIE','M3CAM','izabela.alves@alunoct.santoagostinho.com.br'),(29,'C120128','ANA JÚLIA SOUZA AMORIM',23,3,'EM - 3ª SÉRIE','M3CBM','ana.souza@alunoct.santoagostinho.com.br'),(30,'C110090','NATAN ENRICO BAMBIRRA BRAGA',23,3,'EM - 3ª SÉRIE','M3CAM','natan.braga@alunoct.santoagostinho.com.br'),(31,'C130160','LUANA SANTOS LIMA',23,3,'EM - 3ª SÉRIE','M3CAM','luana.lima@alunoct.santoagostinho.com.br'),(32,'C130159','GUSTAVO CAMPOS SABINO',23,3,'EM - 3ª SÉRIE','M3CAM','gustavo.sabino@alunoct.santoagostinho.com.br'),(33,'C120281','LUDMILLA SILVA DANTAS',23,3,'EM - 3ª SÉRIE','M3CAM','ludmilla.dantas@alunoct.santoagostinho.com.br'),(34,'C120218','MARIANA RIBEIRO RAMOS',23,3,'EM - 3ª SÉRIE','M3CBM','mariana.ramos@alunoct.santoagostinho.com.br'),(35,'C120217','GUSTAVO AUGUSTO COSTA RODRIGUES',23,3,'EM - 3ª SÉRIE','M3CBM','gustavo.augusto@alunoct.santoagostinho.com.br'),(36,'C120216','ANDRE MIGUEL ABDO FIDELIS DE PAULA',23,3,'EM - 3ª SÉRIE','M3CAM','andre.paula@alunoct.santoagostinho.com.br'),(37,'C130183','CLARA MACHADO BEMFICA',23,3,'EM - 3ª SÉRIE','M3CAM','clara.bemfica@alunoct.santoagostinho.com.br'),(38,'C130180','CAROLINA MARIA ARAUJO DE MIRANDA RAMALHO',23,3,'EM - 3ª SÉRIE','M3CAM','carolina.ramalho@alunoct.santoagostinho.com.br'),(39,'C130173','CLARA ECKEL COELHO DE FIGUEIREDO',23,3,'EM - 3ª SÉRIE','M3CBM','clara.figueiredo@alunoct.santoagostinho.com.br'),(40,'C130170','PEDRO BRAGA MORGAN BLEME',23,3,'EM - 3ª SÉRIE','M3CAM','pedro.bleme@alunoct.santoagostinho.com.br'),(41,'C130167','GUILHERME AMARAL SILVA',23,3,'EM - 3ª SÉRIE','M3CBM','guilherme.amaral@alunoct.santoagostinho.com.br'),(42,'C130163','PAULO HENRIQUE AMARAL RESENDE LARA',23,3,'EM - 3ª SÉRIE','M3CBM','paulo.lara@alunoct.santoagostinho.com.br'),(43,'C130295','IZABELA PEDROSA CAPUTO ARANTES',23,3,'EM - 3ª SÉRIE','M3CBM','izabela.arantes@alunoct.santoagostinho.com.br'),(44,'C130275','RAPHAEL TONELLI DE OLIVEIRA COSTA',23,3,'EM - 3ª SÉRIE','M3CBM','raphael.costa@alunoct.santoagostinho.com.br'),(45,'C130272','ANA LUÍSA FERNANDES DE SOUZA',23,3,'EM - 3ª SÉRIE','M3CBM','ana.fernandes@alunoct.santoagostinho.com.br'),(46,'C130237','EDUARDO HENRIQUE DE CASTRO PEREIRA',23,3,'EM - 3ª SÉRIE',NULL,NULL),(47,'C130190','GUSTAVO CANUTO CUNHA',23,3,'EM - 3ª SÉRIE','M3CBM','gustavo.cunha@alunoct.santoagostinho.com.br'),(48,'C130188','BEATRIZ CARVALHO AVIDAGO GERALDO',23,3,'EM - 3ª SÉRIE','M3CBM','beatriz.geraldo@alunoct.santoagostinho.com.br'),(49,'C150386','NELITON DE ARAÚJO SILVA JUNIOR',23,3,'EM - 3ª SÉRIE','M3CAM','neliton.junior@alunoct.santoagostinho.com.br'),(50,'C150225','TALITA VITÓRIA ABREU MEIRE',23,3,'EM - 3ª SÉRIE','M3CAM','talita.meire@alunoct.santoagostinho.com.br'),(51,'C150224','GABRIELLA VITÓRIA DE SOUZA',23,3,'EM - 3ª SÉRIE','M3CAM','gabriella.souza@alunoct.santoagostinho.com.br'),(52,'C150222','SARAH ALMEIDA FRANCA',23,3,'EM - 3ª SÉRIE','M3CAM','sarah.franca@alunoct.santoagostinho.com.br'),(53,'C140186','SOPHIA CARLA DE OLIVEIRA E SILVA',23,3,'EM - 3ª SÉRIE','M3CAM','sophia.silva@alunoct.santoagostinho.com.br'),(54,'C130312','NICOLLI CORDEIRO DE MORAIS',23,3,'EM - 3ª SÉRIE','M3CAM','nicolli.morais@alunoct.santoagostinho.com.br'),(55,'C170157','ANDRÉ MACEDO CRUZ',23,3,'EM - 3ª SÉRIE','M3CBM','andre.cruz@alunoct.santoagostinho.com.br'),(56,'C170156','CLARA SANTOS FURBINO',23,3,'EM - 3ª SÉRIE','M3CAM','clara.furbino@alunoct.santoagostinho.com.br'),(57,'C170155','SARAH MATTOS MORAES',23,3,'EM - 3ª SÉRIE','M3CAM','sarah.moraes@alunoct.santoagostinho.com.br'),(58,'C160283','CAROLLINE NUNES DA COSTA',23,3,'EM - 3ª SÉRIE','M3CAM','carolline.costa@alunoct.santoagostinho.com.br'),(59,'C160209','LUIZ ARTHUR RODRIGUES SOUSA',23,3,'EM - 3ª SÉRIE','M3CBM','luiz.sousa@alunoct.santoagostinho.com.br'),(60,'C160194','SÂMILLA MURTA LIMA',23,3,'EM - 3ª SÉRIE','M3CBM','samilla.lima@alunoct.santoagostinho.com.br'),(61,'C180130','THIAGO CUNHA GOMES DE OLIVEIRA',23,3,'EM - 3ª SÉRIE','M3CBM','thiago.gomes@alunoct.santoagostinho.com.br'),(62,'C170242','DANIELLE VIEIRA DE LIMA SILVA',23,3,'EM - 3ª SÉRIE','M3CAM','danielle.silva@alunoct.santoagostinho.com.br'),(63,'C170241','ISABELA MARA RIBEIRO PINTO',23,3,'EM - 3ª SÉRIE','M3CAM','isabela.mara@alunoct.santoagostinho.com.br'),(64,'C170208','LUIZA ALVARENGA DINIZ',23,3,'EM - 3ª SÉRIE','M3CBM','luiza.diniz@alunoct.santoagostinho.com.br'),(65,'C170160','VICTÓRIA PINHEIRO LIMA ABREU',23,3,'EM - 3ª SÉRIE','M3CAM','victoria.abreu@alunoct.santoagostinho.com.br'),(66,'C170159','JEFFERSON DE PAULA SILVA',23,3,'EM - 3ª SÉRIE','M3CAM','jefferson.silva@alunoct.santoagostinho.com.br'),(67,'C190178','LORENZO ARAUJO MONFARDINI',23,3,'EM - 3ª SÉRIE','M3CAM','lorenzo.monfardini@alunoct.santoagostinho.com.br'),(68,'C190133','ANNA CLARA LOPES COSTA',23,3,'EM - 3ª SÉRIE','M3CBM','anna.costa@alunoct.santoagostinho.com.br'),(69,'C180175','LUANA LARISSA XAVIER FILARETTI',23,3,'EM - 3ª SÉRIE','M3CBM','luana.filaretti@alunoct.santoagostinho.com.br'),(70,'C180173','MIGUEL MANASSÉS MENDES CAMPOS',23,3,'EM - 3ª SÉRIE',NULL,NULL),(71,'C180172','MARIA LUIZA DE ALMEIDA CALDEIRA',23,3,'EM - 3ª SÉRIE','M3CBM','mariacaldeira@alunoct.santoagostinho.com.br'),(72,'C005509','MATHEUS DA COSTA CABRAL',23,3,'EM - 3ª SÉRIE','M3CBM','matheus.cabral@alunoct.santoagostinho.com.br'),(73,'C005508','MARIA EDUARDA ALVES PIMENTA ROSA',23,3,'EM - 3ª SÉRIE','M3CBM','maria.rosa@alunoct.santoagostinho.com.br'),(74,'C100223','GUSTAVO ANTUNES BATISTA',23,3,'EM - 3ª SÉRIE','M3CBM','gustavo.batista@alunoct.santoagostinho.com.br'),(75,'C005464','ROSÁLIA COELHO CAPUTO',23,3,'EM - 3ª SÉRIE','M3CBM','rosalia.caputo@alunoct.santoagostinho.com.br'),(76,'C005437','ANA BEATRIZ HABAEB MOREIRA',23,3,'EM - 3ª SÉRIE','M3CBM','ana.moreira@alunoct.santoagostinho.com.br'),(77,'C005369','THIAGO PEIXOTO BRAGA',23,3,'EM - 3ª SÉRIE','M3CAM','thiago.braga@alunoct.santoagostinho.com.br'),(78,'C006156','ISABELA MARÇAL LIMA',23,2,'EM - 2ª SÉRIE','M2CCM','isabela.lima@alunoct.santoagostinho.com.br'),(79,'C006009','BERNARDO LOPES MONTEIRO OLIVEIRA',23,2,'EM - 2ª SÉRIE','M2CAM','bernardo.lopes@alunoct.santoagostinho.com.br'),(80,'C005820','EDUARDA LUIZA MOREIRA DE SOUZA',23,2,'EM - 2ª SÉRIE','M2CAM','eduarda.souza@alunoct.santoagostinho.com.br'),(81,'C005817','LIVIA LARA MARQUES',23,2,'EM - 2ª SÉRIE','M2CBM','livia.marques@alunoct.santoagostinho.com.br'),(82,'C005798','FERNANDA AMARAL SOARES DE PAIVA',23,2,'EM - 2ª SÉRIE',NULL,NULL),(83,'C005789','BRENO LEONE FERREIRA NAVES',23,2,'EM - 2ª SÉRIE','M2CBM','breno.naves@alunoct.santoagostinho.com.br'),(84,'C006399','JULIA ROBINE ROSA',23,2,'EM - 2ª SÉRIE','M2CBM','julia.rosa@alunoct.santoagostinho.com.br'),(85,'C006398','GABRIELA BARBOSA GONÇALVES',23,2,'EM - 2ª SÉRIE','M2CAM','gabriela.goncalves@alunoct.santoagostinho.com.br'),(86,'C006326','GUSTAVO HENRIQUE MUNIZ',23,2,'EM - 2ª SÉRIE','M2CCM','gustavo.muniz@alunoct.santoagostinho.com.br'),(87,'C140283','PEDRO VITOR DIAS LOPES',23,2,'EM - 2ª SÉRIE','M2CBM','pedro.lopes@alunoct.santoagostinho.com.br'),(88,'C006174','VINÍCIUS TADEU BARCELOS SILVA',23,2,'EM - 2ª SÉRIE','M2CCM','vinicius.silva@alunoct.santoagostinho.com.br'),(89,'C006171','PEDRO RICARDO SOUZA',23,2,'EM - 2ª SÉRIE','M2CAM','pedro.souza@alunoct.santoagostinho.com.br'),(90,'C090107','RAPHAELLA APARECIDA SANTOS',23,2,'EM - 2ª SÉRIE','M2CBM','raphaella.santos@alunoct.santoagostinho.com.br'),(91,'C090106','ANA CLARA MAGALHÃES BATISTA',23,2,'EM - 2ª SÉRIE','M2CBM','ana.batista@alunoct.santoagostinho.com.br'),(92,'C090105','ALEJANDRO DA COSTA GUILLÉN',23,2,'EM - 2ª SÉRIE','M2CAM','alejandro.guillen@alunoct.santoagostinho.com.br'),(93,'C090102','SOFIA SIMAN SALEMA',23,2,'EM - 2ª SÉRIE','M2CBM','sofia.salema@alunoct.santoagostinho.com.br'),(94,'C090101','BRUNA SIMÕES CHAGAS',23,2,'EM - 2ª SÉRIE','M2CBM','bruna.chagas@alunoct.santoagostinho.com.br'),(95,'C090095','ANA LUÍSA REIS SILVA DE SENA',23,2,'EM - 2ª SÉRIE','M2CAM','ana.sena@alunoct.santoagostinho.com.br'),(96,'C090252','GUSTAVO RIBEIRO MELO PEIXOTO',23,2,'EM - 2ª SÉRIE','M2CBM','gustavo.peixoto@alunoct.santoagostinho.com.br'),(97,'C170152','HENRIQUE SILVA DUARTE XAVIER',23,2,'EM - 2ª SÉRIE','M2CAM','henrique.xavier@alunoct.santoagostinho.com.br'),(98,'C090123','JÚLIA VIEGAS MIRANDA',23,2,'EM - 2ª SÉRIE','M2CBM','julia.miranda@alunoct.santoagostinho.com.br'),(99,'C090116','VICTOR YAN FONSECA REZENDE',23,2,'EM - 2ª SÉRIE','M2CAM','victor.rezende@alunoct.santoagostinho.com.br'),(100,'C090111','ISABELA CRISTINA GONÇALVES PEDROSA',23,2,'EM - 2ª SÉRIE','M2CCM','isabela.pedrosa@alunoct.santoagostinho.com.br'),(101,'C090109','GUILHERME DIAS COELHO SILVA',23,2,'EM - 2ª SÉRIE','M2CBM','guilherme.silva@alunoct.santoagostinho.com.br'),(102,'C100103','RAFAELLA COSTA DA SILVEIRA MARTINS',23,2,'EM - 2ª SÉRIE','M2CAM','rafaella.martins@alunoct.santoagostinho.com.br'),(103,'C090309','MARIA EDUARDA SILVA NOGUEIRA',23,2,'EM - 2ª SÉRIE','M2CCM','maria.nogueira@alunoct.santoagostinho.com.br'),(104,'C090278','LARA PRADO XAVIER',23,2,'EM - 2ª SÉRIE','M2CBM','lara.xavier@alunoct.santoagostinho.com.br'),(105,'C090277','LÍVIA RABELO DUTRA',23,2,'EM - 2ª SÉRIE','M2CBM','livia.dutra@alunoct.santoagostinho.com.br'),(106,'C090256','PEDRO REIS ROCHA',23,2,'EM - 2ª SÉRIE','M2CAM','pedro.rocha@alunoct.santoagostinho.com.br'),(107,'C090253','LAURA BRANDÃO ALVARES DE FREITAS',23,2,'EM - 2ª SÉRIE','M2CBM','laura.freitas@alunoct.santoagostinho.com.br'),(108,'C110084','LUIS EDUARDO MOREIRA LAS-CASAS',23,2,'EM - 2ª SÉRIE','M2CAM','luis.las-casas@alunoct.santoagostinho.com.br'),(109,'C110083','CAMILA ESTER MENEZES FERREIRA',23,2,'EM - 2ª SÉRIE','M2CAM','camila.ferreira@alunoct.santoagostinho.com.br'),(110,'C100208','LAURA PICININ CAMPOS LUTTI',23,2,'EM - 2ª SÉRIE','M2CAM','laura.lutti@alunoct.santoagostinho.com.br'),(111,'C100181','SARA DE PAULA SANTOS',23,2,'EM - 2ª SÉRIE','M2CCM','sara.santos@alunoct.santoagostinho.com.br'),(112,'C100106','ARTHUR VINICIUS REIS RODRIGUES',23,2,'EM - 2ª SÉRIE','M2CCM','arthur.rodrigues@alunoct.santoagostinho.com.br'),(113,'C100104','ARTHUR CARVALHO FIGUEIREDO',23,2,'EM - 2ª SÉRIE','M2CBM','arthur.figueiredo@alunoct.santoagostinho.com.br'),(114,'C130144','ANA LUIZA DAVILA RIBEIRO',23,2,'EM - 2ª SÉRIE','M2CBM','ana.ribeiro@alunoct.santoagostinho.com.br'),(115,'C140179','JOÃO PEDRO TORRES DE SOUZA SILVA',23,2,'EM - 2ª SÉRIE','M2CAM','joao.torres@alunoct.santoagostinho.com.br'),(116,'C120119','ANA LAURA SILVA BATISTA',23,2,'EM - 2ª SÉRIE','M2CCM','ana.laura@alunoct.santoagostinho.com.br'),(117,'C120117','PEDRO JOSUÉ LOPES PORTELA',23,2,'EM - 2ª SÉRIE','M2CCM','pedro.portela@alunoct.santoagostinho.com.br'),(118,'C110271','ÁLVARO GABRIEL DA SILVA CATALÁN',23,2,'EM - 2ª SÉRIE','M2CCM','alvaro.catalan@alunoct.santoagostinho.com.br'),(119,'C110192','LUANA LIN LACERDA',23,2,'EM - 2ª SÉRIE','M2CCM','luana.lacerda@alunoct.santoagostinho.com.br'),(120,'C130150','DIOGO HENRIQUE VIGATTI VENTURA',23,2,'EM - 2ª SÉRIE','M2CCM','diogo.ventura@alunoct.santoagostinho.com.br'),(121,'C140210','LUIZA AQUINO BEMFICA',23,2,'EM - 2ª SÉRIE','M2CBM','luiza.bemfica@alunoct.santoagostinho.com.br'),(122,'C130148','AMANDA ANTUNES DE OLIVEIRA',23,2,'EM - 2ª SÉRIE','M2CCM','amanda.oliveira@alunoct.santoagostinho.com.br'),(123,'C130147','NATALIA MITIE TAMEKUNI DE ALMEIDA',23,2,'EM - 2ª SÉRIE','M2CBM','natalia.almeida@alunoct.santoagostinho.com.br'),(124,'C130146','SULAMITA PEREIRA ZICA',23,2,'EM - 2ª SÉRIE','M2CCM','sulamita.zica@alunoct.santoagostinho.com.br'),(125,'C130145','ARTHUR JOSE GOMES DE ALMEIDA',23,2,'EM - 2ª SÉRIE','M2CBM','arthur.jose@alunoct.santoagostinho.com.br'),(126,'C140157','SOPHIA DIAS BARBOSA',23,2,'EM - 2ª SÉRIE','M2CBM','sophia.barbosa@alunoct.santoagostinho.com.br'),(127,'C130236','RAFAEL CARVALHO AVIDAGO GERALDO',23,2,'EM - 2ª SÉRIE','M2CCM','rafael.geraldo@alunoct.santoagostinho.com.br'),(128,'C130155','GUSTAVO PERES MARTINS FERNANDES',23,2,'EM - 2ª SÉRIE','M2CAM','gustavo.fernandes@alunoct.santoagostinho.com.br'),(129,'C130154','HENRIQUE PEREZ MARTINS VIEIRA',23,2,'EM - 2ª SÉRIE','M2CAM','henrique.vieira@alunoct.santoagostinho.com.br'),(130,'C130153','MARIA LUISA NICÁCIO DE JESUS',23,2,'EM - 2ª SÉRIE','M2CBM','maria.jesus@alunoct.santoagostinho.com.br'),(131,'C130152','PEDRO DE OLIVEIRA REIS',23,2,'EM - 2ª SÉRIE','M2CBM',NULL),(132,'C140173','SARAH EDUARDA FIGUEIREDO',23,2,'EM - 2ª SÉRIE','M2CBM','sarah.figueiredo@alunoct.santoagostinho.com.br'),(133,'C140168','LETÍCIA FERREIRA VALE',23,2,'EM - 2ª SÉRIE','M2CCM','leticia.vale@alunoct.santoagostinho.com.br'),(134,'C140167','PEDRO HENRIQUE DOS SANTOS SILVA',23,2,'EM - 2ª SÉRIE','M2CBM','pedrosantos@alunoct.santoagostinho.com.br'),(135,'C140166','GUSTAVO ESTEVES MACHADO',23,2,'EM - 2ª SÉRIE','M2CBM','gustavo.machado@alunoct.santoagostinho.com.br'),(136,'C140165','RENATA CANUTO FERREIRA',23,2,'EM - 2ª SÉRIE','M2CCM','renata.ferreira@alunoct.santoagostinho.com.br'),(137,'C140161','AMANDA APARECIDA LOPES MAIA',23,2,'EM - 2ª SÉRIE','M2CCM','amanda.maia@alunoct.santoagostinho.com.br'),(138,'C140266','ISABELA LOPES DE PINHO E CASTRO',23,2,'EM - 2ª SÉRIE','M2CBM','isabela.castro@alunoct.santoagostinho.com.br'),(139,'C140185','ANA LUIZA GARCIA COSTA',23,2,'EM - 2ª SÉRIE','M2CCM','anagarcia@alunoct.santoagostinho.com.br'),(140,'C140183','LUCAS DE OLIVEIRA MESQUITA',23,2,'EM - 2ª SÉRIE','M2CAM','lucas.mesquita@alunoct.santoagostinho.com.br'),(141,'C140182','MARINA MAGNO SANTANA',23,2,'EM - 2ª SÉRIE','M2CCM','marina.santana@alunoct.santoagostinho.com.br'),(142,'C140181','PEDRO LUIZ LAS CASAS PEREIRA',23,2,'EM - 2ª SÉRIE','M2CCM','pedro.luiz@alunoct.santoagostinho.com.br'),(143,'C140180','NÍCOLAS FERRAREZI SARMENTO',23,2,'EM - 2ª SÉRIE','M2CCM','nicolas.sarmento@alunoct.santoagostinho.com.br'),(144,'C160181','ANA CLARA BORGES PINTO',23,2,'EM - 2ª SÉRIE','M2CAM','ana.pinto@alunoct.santoagostinho.com.br'),(145,'C150348','MARIA JÚLIA CUNHA PRATES FERREIRA',23,2,'EM - 2ª SÉRIE','M2CAM','maria.prates@alunoct.santoagostinho.com.br'),(146,'C150256','JOÃO PEDRO DE MORAES',23,2,'EM - 2ª SÉRIE','M2CAM','joao.moraes@alunoct.santoagostinho.com.br'),(147,'C150223','DIEGO BARROS BELO',23,2,'EM - 2ª SÉRIE','M2CBM','diego.belo@alunoct.santoagostinho.com.br'),(148,'C150209','SABRYNNA FERNANDES DE OLIVEIRA RAMALHO',23,2,'EM - 2ª SÉRIE','M2CCM','sabrynna.ramalho@alunoct.santoagostinho.com.br'),(149,'C150208','ANA CAROLINA DE MELO TEIXEIRA SANTOS',23,2,'EM - 2ª SÉRIE','M2CAM','anamelo@alunoct.santoagostinho.com.br'),(150,'C160306','ANA CLARA MOREIRA CURI',23,2,'EM - 2ª SÉRIE','M2CAM','ana.curi@alunoct.santoagostinho.com.br'),(151,'C160269','JOÃO VITOR SABADINE LIMA',23,2,'EM - 2ª SÉRIE','M2CBM','joao.sabadine@alunoct.santoagostinho.com.br'),(152,'C160188','BRUNA DUARTE DE OLIVEIRA',23,2,'EM - 2ª SÉRIE','M2CAM','bruna.duarte@alunoct.santoagostinho.com.br'),(153,'C160186','GABRIEL RESENDE DA MATA',23,2,'EM - 2ª SÉRIE','M2CCM','gabriel.mata@alunoct.santoagostinho.com.br'),(154,'C160184','CECILIA MURTA LIMA',23,2,'EM - 2ª SÉRIE','M2CAM','cecilia.lima@alunoct.santoagostinho.com.br'),(155,'C160182','ARTHUR MOTTA GOUVEA BRAGANÇA',23,2,'EM - 2ª SÉRIE','M2CAM','arthur.braganca@alunoct.santoagostinho.com.br'),(156,'C180120','ANA CLARA CARREIRO LARA GOMES',23,2,'EM - 2ª SÉRIE','M2CBM','ana.carreiro@alunoct.santoagostinho.com.br'),(157,'C180117','BIANCA SOUZA ALVES FRANÇA',23,2,'EM - 2ª SÉRIE','M2CBM','bianca.franca@alunoct.santoagostinho.com.br'),(158,'C180114','MARCOS VINÍCIUS OLIVEIRA POMPEU',23,2,'EM - 2ª SÉRIE','M2CCM','marcos.pompeu@alunoct.santoagostinho.com.br'),(159,'C170225','LUIZA RODRIGUES GARCIA',23,2,'EM - 2ª SÉRIE','M2CAM','luiza.garcia@alunoct.santoagostinho.com.br'),(160,'C170209','MARIA EDUARDA GAZIRE DE ABREU',23,2,'EM - 2ª SÉRIE','M2CAM','maria.abreu@alunoct.santoagostinho.com.br'),(161,'C170153','MARIA EDUARDA PINA LAGE',23,2,'EM - 2ª SÉRIE',NULL,NULL),(162,'C180137','PAULO ANDRÉ DOS SANTOS TEIXEIRA',23,2,'EM - 2ª SÉRIE','M2CAM','paulo.teixeira@alunoct.santoagostinho.com.br'),(163,'C180129','LAURA GIOVANNA MAGALHÃES DE MELO',23,2,'EM - 2ª SÉRIE','M2CCM','laura.giovanna@alunoct.santoagostinho.com.br'),(164,'C180128','PEDRO LUCAS TEIXEIRA DUTRA',23,2,'EM - 2ª SÉRIE','M2CCM','pedro.lucas@alunoct.santoagostinho.com.br'),(165,'C180127','LUCIANA LARA DE MORAIS DOS ANJOS',23,2,'EM - 2ª SÉRIE',NULL,'luciana.anjos@alunobh.santoagostinho.com.br'),(166,'C180123','ANA LUIZA TORRES DE SOUZA',23,2,'EM - 2ª SÉRIE','M2CCM','anatorres@alunoct.santoagostinho.com.br'),(167,'C180122','ANDRÉ LAMOUNIER MOURA FERREIRA',23,2,'EM - 2ª SÉRIE','M2CCM','andre.lamounier@alunoct.santoagostinho.com.br'),(168,'C190130','CLARA LIRA DE MELO GAZEL',23,2,'EM - 2ª SÉRIE','M2CBM','clara.gazel@alunoct.santoagostinho.com.br'),(169,'C180216','LI-AN YANG',23,2,'EM - 2ª SÉRIE',NULL,NULL),(170,'C180213','ISABELA PENAFORTE MENEZES',23,2,'EM - 2ª SÉRIE','M2CBM','isabela.menezes@alunoct.santoagostinho.com.br'),(171,'C180205','FERNANDA AUGUSTA ALVES VIEIRA',23,2,'EM - 2ª SÉRIE','M2CCM','fernanda.vieira@alunoct.santoagostinho.com.br'),(172,'C180200','PATRÍCIA CAETANO HELMOLD',23,2,'EM - 2ª SÉRIE','M2CCM','patricia.helmold@alunoct.santoagostinho.com.br'),(173,'C180183','LUAN NOGUEIRA SERRANO',23,2,'EM - 2ª SÉRIE','M2CCM','luan.serrano@alunoct.santoagostinho.com.br'),(174,'C190201','LETICIA RODRIGUES CARDOSO',23,2,'EM - 2ª SÉRIE','M2CAM','leticia.cardoso@alunoct.santoagostinho.com.br'),(175,'C190190','FELIPE YOUSSEF BRAGA DA SILVA',23,2,'EM - 2ª SÉRIE','M2CAM','felipe.silva@alunoct.santoagostinho.com.br'),(176,'C190189','JULIA SILVA RANGEL',23,2,'EM - 2ª SÉRIE','M2CAM','julia.rangel@alunoct.santoagostinho.com.br'),(177,'C190132','SAMARA VIANA BANDEIRA',23,2,'EM - 2ª SÉRIE',NULL,NULL),(178,'C190131','THAINÁ VENEROSO INÁCIO VOGEL DINOA',23,2,'EM - 2ª SÉRIE','M2CAM','thaina.dinoa@alunoct.santoagostinho.com.br'),(179,'C005688','MARCUS VINICIUS SANTOS DE OLIVEIRA',23,2,'EM - 2ª SÉRIE','M2CCM','marcus.oliveira@alunoct.santoagostinho.com.br'),(180,'C005687','DAVI CARVALHAIS GUIMARAES',23,2,'EM - 2ª SÉRIE','M2CCM','davi.guimaraes@alunoct.santoagostinho.com.br'),(181,'C005633','GIORDANO MIGUEL DEBONA ALTOE',23,2,'EM - 2ª SÉRIE','M2CBM','giordano.altoe@alunoct.santoagostinho.com.br'),(182,'C005505','VICTOR GOMES FRADE',23,2,'EM - 2ª SÉRIE','M2CAM','victor.frade@alunoct.santoagostinho.com.br'),(183,'C005502','HAMYLLE BRAGA PINTO COELHO',23,2,'EM - 2ª SÉRIE',NULL,NULL),(184,'C005500','JULIA DE OLIVEIRA BUGIM',23,2,'EM - 2ª SÉRIE','M2CBM','julia.bugim@alunoct.santoagostinho.com.br'),(185,'C006054','ESTEVÃO WERNECK BARRETO E SOUZA',23,1,'EM - 1ª SÉRIE','M1CCM','estevao.souza@alunoct.santoagostinho.com.br'),(186,'C005819','CAIO HENRIQUE DE MOURA RIBEIRO',23,1,'EM - 1ª SÉRIE','M1CAM','caio.ribeiro@alunoct.santoagostinho.com.br'),(187,'C005816','LUCAS SIQUEIRA NOVAES',23,1,'EM - 1ª SÉRIE','M1CBM','lucas.novaes@alunoct.santoagostinho.com.br'),(188,'C005810','GABRIELA HELENA CARVALHO E SILVA',23,1,'EM - 1ª SÉRIE','M1CBM','gabriela.silva@alunoct.santoagostinho.com.br'),(189,'C005807','ISABELLA ANTUNES DE OLIVEIRA E SOUZA',23,1,'EM - 1ª SÉRIE','M1CBM','isabella.souza@alunoct.santoagostinho.com.br'),(190,'C005806','JULIA NUNES PINTO COELHO',23,1,'EM - 1ª SÉRIE','M1CCM','julia.coelho@alunoct.santoagostinho.com.br'),(191,'C006227','CAIO LOPES MALTA',23,1,'EM - 1ª SÉRIE','M1CCM','caio.malta@alunoct.santoagostinho.com.br'),(192,'C006223','ARTHUR FÉLIX MONTINE SILVA',23,1,'EM - 1ª SÉRIE','M1CAM','arthur.silva@alunoct.santoagostinho.com.br'),(193,'C006222','PEDRO DA CUNHA VIEIRA',23,1,'EM - 1ª SÉRIE',NULL,NULL),(194,'C006164','ANA KARINE RESENDE MIRANDA',23,1,'EM - 1ª SÉRIE','M1CCM','ana.miranda@alunoct.santoagostinho.com.br'),(195,'C006155','DOUGLAS RICARDO FRANCA',23,1,'EM - 1ª SÉRIE','M1CAM','douglas.franca@alunoct.santoagostinho.com.br'),(196,'C006153','PEDRO LUCAS PEREIRA ABREU',23,1,'EM - 1ª SÉRIE','M1CCM','pedro.abreu@alunoct.santoagostinho.com.br'),(197,'C006474','ALINE GOMES VENTURA MARINHO',23,1,'EM - 1ª SÉRIE','M1CCM','aline.marinho@alunoct.santoagostinho.com.br'),(198,'C006473','ANA JÚLIA SANTOS GONÇALVES',23,1,'EM - 1ª SÉRIE','M1CBM','ana.goncalves@alunoct.santoagostinho.com.br'),(199,'C006468','FELIPE FREITAS CAMPOS PICININ',23,1,'EM - 1ª SÉRIE','M1CBM','felipe.picinin@alunoct.santoagostinho.com.br'),(200,'C180143','JULIANA COSTA BARBOSA',23,1,'EM - 1ª SÉRIE','M1CAM','juliana.barbosa@alunoct.santoagostinho.com.br'),(201,'C006314','RAFAELA OLIVEIRA DIAS',23,1,'EM - 1ª SÉRIE','M1CBM','rafaela.dias@alunoct.santoagostinho.com.br'),(202,'C006231','CAMILA VITORIANA AMORIM',23,1,'EM - 1ª SÉRIE','M1CCM','camila.amorim@alunoct.santoagostinho.com.br'),(203,'C090131','GUSTAVO ALEXANDRE RAMOS DA SILVA',23,1,'EM - 1ª SÉRIE',NULL,'guiujr@oi.com.br'),(204,'C090125','ANDRE DE BARROS DAVID',23,1,'EM - 1ª SÉRIE','M1CAM','andre.david@alunoct.santoagostinho.com.br'),(205,'C090120','GIOVANNA SOARES DE SOUZA',23,1,'EM - 1ª SÉRIE',NULL,'tecnicarb@tecnicarb.com.br'),(206,'C006521','ANA CLARA FURTADO DE MENDONÇA SILVA',23,1,'EM - 1ª SÉRIE','M1CCM','ana.silva@alunoct.santoagostinho.com.br'),(207,'C006513','JULIA BELLEZZIA GENTILUOMO FERREIRA',23,1,'EM - 1ª SÉRIE',NULL,NULL),(208,'C006492','MANUELA MOURÃO CARRATO',23,1,'EM - 1ª SÉRIE','M1CCM','manuela.carrato@alunoct.santoagostinho.com.br'),(209,'C090199','WAGNER AUGUSTO ALVARES DE FREITAS FILHO',23,1,'EM - 1ª SÉRIE','M1CCM','wagner.filho@alunoct.santoagostinho.com.br'),(210,'C090198','MARIA CLARA BATISTA DA SILVA',23,1,'EM - 1ª SÉRIE','M1CBM','maria.batista@alunoct.santoagostinho.com.br'),(211,'C090174','ARTHUR CÉSAR SILVA REZENDE',23,1,'EM - 1ª SÉRIE','M1CBM','arthur.rezende@alunoct.santoagostinho.com.br'),(212,'C090134','PEDRO HENRIQUE ALVES DE ABREU CAMPOS',23,1,'EM - 1ª SÉRIE',NULL,NULL),(213,'C090133','MARINA MAIA TEIXEIRA',23,1,'EM - 1ª SÉRIE','M1CBM','marina.maia@alunoct.santoagostinho.com.br'),(214,'C090132','CAROLINA CRISTINA RAMOS DA SILVA',23,1,'EM - 1ª SÉRIE',NULL,NULL),(215,'C100043','ISABELA MARA SANTOS DE ALMEIDA',23,1,'EM - 1ª SÉRIE',NULL,'lais.olivia@hotmail.com'),(216,'C100038','INGRID GUIDI RIBEIRO',23,1,'EM - 1ª SÉRIE','M1CBM','ingrid.ribeiro@alunoct.santoagostinho.com.br'),(217,'C100037','VINICIUS DE ASSIS CAMPOS',23,1,'EM - 1ª SÉRIE','M1CAM','vinicius.campos@alunoct.santoagostinho.com.br'),(218,'C090355','ANDRÉ RICARDO LAVORATO MORELLI',23,1,'EM - 1ª SÉRIE',NULL,NULL),(219,'C090348','PEDRO HENRIQUE CORDEIRO ALVES',23,1,'EM - 1ª SÉRIE',NULL,'REGINA.CORDEIRO2@HOTMAIL.COM'),(220,'C090246','GABRIEL ASSUNÇÃO SILVA',23,1,'EM - 1ª SÉRIE','M1CAM','gabriel.assuncao@alunoct.santoagostinho.com.br'),(221,'C100058','ANA CLARA GOMES DE CASTRO',23,1,'EM - 1ª SÉRIE','M1CCM','ana.gomes@alunoct.santoagostinho.com.br'),(222,'C100055','AYNÁ GOULART CORDEIRO',23,1,'EM - 1ª SÉRIE','M1CBM','ayna.cordeiro@alunoct.santoagostinho.com.br'),(223,'C100053','MARCELO ALVES MARCELINO MACHADO DO PINHO',23,1,'EM - 1ª SÉRIE','M1CCM','marcelo.pinho@alunoct.santoagostinho.com.br'),(224,'C100051','MARIA LUÍZA DIAS REZENDE',23,1,'EM - 1ª SÉRIE',NULL,'maria.rezende@alunobh.santoagostinho.com.br'),(225,'C100049','JÚLIA WERNECK DOS SANTOS MONTEIRO',23,1,'EM - 1ª SÉRIE','M1CAM','julia.monteiro@alunoct.santoagostinho.com.br'),(226,'C100046','GABRIEL MILAGRES CRUZ VIEGAS',23,1,'EM - 1ª SÉRIE','M1CCM','gabriel.viegas@alunoct.santoagostinho.com.br'),(227,'C170144','JÚLIA MOURA BUENO',23,1,'EM - 1ª SÉRIE','M1CAM','julia.bueno@alunoct.santoagostinho.com.br'),(228,'C100066','GABRIEL AVELAR VOCURCA',23,1,'EM - 1ª SÉRIE','M1CBM','gabriel.vocurca@alunoct.santoagostinho.com.br'),(229,'C100065','VITORIA DE SOUZA RIBEIRO COSTA',23,1,'EM - 1ª SÉRIE','M1CBM','rosaneC.ribeiro@hotmail.com'),(230,'C100062','THAIS MARQUES LEITE',23,1,'EM - 1ª SÉRIE','M1CAM','thais.leite@alunoct.santoagostinho.com.br'),(231,'C100061','GUILHERME DRUMOND SILVA',23,1,'EM - 1ª SÉRIE','M1CAM','mary.da.silva@hotmail.com'),(232,'C100060','ISABELA DE BARROS CALDEIRA',23,1,'EM - 1ª SÉRIE','M1CAM','isabela.caldeira@alunoct.santoagostinho.com.br'),(233,'C110075','GABRIEL MONTEIRO TAVARES NETO',23,1,'EM - 1ª SÉRIE','M1CBM','gabriel.neto@alunoct.santoagostinho.com.br'),(234,'C100207','GIOVANA VIEIRA MAIA',23,1,'EM - 1ª SÉRIE',NULL,NULL),(235,'C100172','LETÍCIA RAMALHO GÓES',23,1,'EM - 1ª SÉRIE',NULL,NULL),(236,'C100171','ISABELLA KATLEN DE SENA MARTINS',23,1,'EM - 1ª SÉRIE',NULL,NULL),(237,'C100169','MATHEUS MORAIS SANTOS',23,1,'EM - 1ª SÉRIE','M1CCM','matheus.santos@alunoct.santoagostinho.com.br'),(238,'C100168','CLARA ELLIS DAMACENO DE FARIA',23,1,'EM - 1ª SÉRIE','M1CBM','clara.faria@alunoct.santoagostinho.com.br'),(239,'C110268','RAQUEL PIMENTA VIEIRA',23,1,'EM - 1ª SÉRIE','M1CCM','raquel.vieira@alunoct.santoagostinho.com.br'),(240,'C110082','MARIA CECÍLIA ALMEIDA MARQUES',23,1,'EM - 1ª SÉRIE','M1CCM','maria.marques@alunoct.santoagostinho.com.br'),(241,'C130132','MARCELA LEITE OLIVEIRA',23,1,'EM - 1ª SÉRIE','M1CCM','marcela.oliveira@alunoct.santoagostinho.com.br'),(242,'C110079','SOFIA GOMES DE PAULA',23,1,'EM - 1ª SÉRIE','M1CBM','sofia.paula@alunoct.santoagostinho.com.br'),(243,'C110077','EMANUELLE SUZIE CÂNDIDA E SILVA',23,1,'EM - 1ª SÉRIE','M1CAM','emanuelle.silva@alunoct.santoagostinho.com.br'),(244,'C110076','ISADORA PAES GOMES RIBEIRO',23,1,'EM - 1ª SÉRIE','M1CAM','isadora.ribeiro@alunoct.santoagostinho.com.br'),(245,'C120114','LUCAS EDUARDO GALVÃO LIMA',23,1,'EM - 1ª SÉRIE','M1CBM','lucas.lima@alunoct.santoagostinho.com.br'),(246,'C120113','MARIA EDUARDA SANTOS FARIA',23,1,'EM - 1ª SÉRIE','M1CCM','maria.faria@alunoct.santoagostinho.com.br'),(247,'C120112','HEYTOR JUSTINO COTRIM VAZ',23,1,'EM - 1ª SÉRIE','M1CCM','heytor.vaz@alunoct.santoagostinho.com.br'),(248,'C120111','ATHOS MARTINEZ ANDRADE',23,1,'EM - 1ª SÉRIE',NULL,'MARTELIANA@GMAIL.COM'),(249,'C150194','ISABELLA VILELA DIAS',23,1,'EM - 1ª SÉRIE','M1CAM','isabella.dias@alunoct.santoagostinho.com.br'),(250,'C120109','CYNARA GOMES VIGGIANO',23,1,'EM - 1ª SÉRIE','M1CBM','cynara.viggiano@alunoct.santoagostinho.com.br'),(251,'C130127','ALÍCIA MARÇOLA CHAVES',23,1,'EM - 1ª SÉRIE',NULL,NULL),(252,'C120274','GUILHERME INÁCIO FERREIRA MACIEL',23,1,'EM - 1ª SÉRIE','M1CAM','guilherme.maciel@alunoct.santoagostinho.com.br'),(253,'C160178','MARIA ALICE VALE FERNANDES',23,1,'EM - 1ª SÉRIE','M1CAM','IVAN.FERNANDES@BR.MAPAL.COM'),(254,'C120211','SAVIO MARTINS DA SILVA LIMA',23,1,'EM - 1ª SÉRIE','M1CAM','savio.lima@alunoct.santoagostinho.com.br'),(255,'C120116','JOÃO VICTOR FREITAS GOMES',23,1,'EM - 1ª SÉRIE','M1CBM','joao.gomes@alunoct.santoagostinho.com.br'),(256,'C120115','PEDRO AUGUSTO MONTEIRO DELGADO',23,1,'EM - 1ª SÉRIE',NULL,'LUIZ.DELGADO@IG.COM.BR'),(257,'C130138','PEDRO HENRIQUE CAMPOS LIMA',23,1,'EM - 1ª SÉRIE',NULL,NULL),(258,'C130137','ISABELA DIAS BREDER BASTOS',23,1,'EM - 1ª SÉRIE','M1CAM','isabela.bastos@alunoct.santoagostinho.com.br'),(259,'C130136','MARIANA KOULOURES FERREIRA DOS REIS',23,1,'EM - 1ª SÉRIE',NULL,NULL),(260,'C130134','LUCAS SCOFIELD TEIXEIRA',23,1,'EM - 1ª SÉRIE',NULL,NULL),(261,'C130129','GABRIELA LEMOS SILVA',23,1,'EM - 1ª SÉRIE',NULL,NULL),(262,'C130128','MARIA CLARA VERTELO VALE',23,1,'EM - 1ª SÉRIE','M1CCM','maria.vale@alunoct.santoagostinho.com.br'),(263,'C140142','ANA CRISTINA RAPOSO',23,1,'EM - 1ª SÉRIE','M1CCM','ana.raposo@alunoct.santoagostinho.com.br'),(264,'C140137','TIAGO HENRIQUE FRAGA',23,1,'EM - 1ª SÉRIE','M1CBM','tiago.fraga@alunoct.santoagostinho.com.br'),(265,'C130315','IAGO ZAGNOLI ALBERGARIA',23,1,'EM - 1ª SÉRIE',NULL,NULL),(266,'C130299','ÁGATA SILVA OLIVEIRA',23,1,'EM - 1ª SÉRIE','M1CAM','agata.oliveira@alunoct.santoagostinho.com.br'),(267,'C130297','CAMILA CARVALHO FREITAS',23,1,'EM - 1ª SÉRIE','M1CBM','camila.freitas@alunoct.santoagostinho.com.br'),(268,'C130140','PEDRO AUGUSTO FRAGA DUARTE',23,1,'EM - 1ª SÉRIE','M1CAM','pedro.duarte@alunoct.santoagostinho.com.br'),(269,'C140153','RICARDO HENRIQUE DE LIMA MATTOS',23,1,'EM - 1ª SÉRIE',NULL,NULL),(270,'C140147','BERNARDO PEDROSO MAGALHÃES',23,1,'EM - 1ª SÉRIE',NULL,NULL),(271,'C140146','SATLER FERNANDES ROCHA',23,1,'EM - 1ª SÉRIE','M1CCM','satler.rocha@alunoct.santoagostinho.com.br'),(272,'C140145','ANNA LUIZA DE CASTRO CONDE',23,1,'EM - 1ª SÉRIE','M1CBM','anna.conde@alunoct.santoagostinho.com.br'),(273,'C140144','LUIZ HENRIQUE MIRANDA PACHECO DE CASTRO',23,1,'EM - 1ª SÉRIE','M1CCM','luiz.henrique@alunoct.santoagostinho.com.br'),(274,'C140143','INÁCIO ALVARENGA SOUZA AGUIAR',23,1,'EM - 1ª SÉRIE','M1CBM','inacio.aguiar@alunoct.santoagostinho.com.br'),(275,'C150198','LUIZA DE SOUSA ESTIVAL',23,1,'EM - 1ª SÉRIE','M1CAM','luiza.estival@alunoct.santoagostinho.com.br'),(276,'C150193','MATHEUS FELIPE PEREIRA SOARES',23,1,'EM - 1ª SÉRIE',NULL,NULL),(277,'C150191','THALYA VITÓRIA RODRIGUES COSTA',23,1,'EM - 1ª SÉRIE',NULL,NULL),(278,'C150190','LUIZA CRISTINA SANTOS REIS',23,1,'EM - 1ª SÉRIE','M1CAM','luiza.cristina@alunoct.santoagostinho.com.br'),(279,'C140229','ANA VICTORIA POLYCARPO DE FREITAS',23,1,'EM - 1ª SÉRIE','M1CCM','ana.freitas@alunoct.santoagostinho.com.br'),(280,'C140155','JÚLIA ROLINDO PAIVA',23,1,'EM - 1ª SÉRIE','M1CAM','julia.paiva@alunoct.santoagostinho.com.br'),(281,'C150338','ANA MERCÊS FERREIRA DE MATOS',23,1,'EM - 1ª SÉRIE','M1CCM','ana.matos@alunoct.santoagostinho.com.br'),(282,'C150325','ÍNGRID XAVIER RIBEIRO',23,1,'EM - 1ª SÉRIE','M1CBM','ingrid.xavier@alunoct.santoagostinho.com.br'),(283,'C150292','ARTHUR FELIX POEIRAS',23,1,'EM - 1ª SÉRIE',NULL,NULL),(284,'C150203','LAURO HUMBERTO OLIVEIRA DE MORO',23,1,'EM - 1ª SÉRIE','M1CBM','lauro.moro@alunoct.santoagostinho.com.br'),(285,'C150200','ANA JULIA SOUSA MARINHO',23,1,'EM - 1ª SÉRIE',NULL,NULL),(286,'C150199','GABRIEL FIGUEIREDO FERREIRA',23,1,'EM - 1ª SÉRIE','M1CAM','gabriel.figueiredo@alunoct.santoagostinho.com.br'),(287,'C160232','MARIA EDUARDA FRAGA PORTILHO GONTIJO',23,1,'EM - 1ª SÉRIE','M1CAM','maria.gontijo@alunoct.santoagostinho.com.br'),(288,'C160187','LARISSA ARAUJO SOUZA',23,1,'EM - 1ª SÉRIE','M1CAM','larissa.souza@alunoct.santoagostinho.com.br'),(289,'C160176','CHRISTOPHER CÉSAR DE MELO ANDRADE',23,1,'EM - 1ª SÉRIE',NULL,NULL),(290,'C160174','MATHEUS HENRIQUE DE MOURA',23,1,'EM - 1ª SÉRIE','M1CAM','matheus.moura@alunoct.santoagostinho.com.br'),(291,'C160173','DANIEL ESTEVAM PACHECO DE SOUZA',23,1,'EM - 1ª SÉRIE',NULL,NULL),(292,'C150372','MARIANNA AGANETE VIEIRA',23,1,'EM - 1ª SÉRIE','M1CCM','marianna.vieira@alunoct.santoagostinho.com.br'),(293,'C170147','LARISSA GONÇALVES SILVA',23,1,'EM - 1ª SÉRIE',NULL,NULL),(294,'C170146','BERNARDO CARLOS DO NASCIMENTO',23,1,'EM - 1ª SÉRIE','M1CAM','bernardo.carlos@alunoct.santoagostinho.com.br'),(295,'C170145','LAURA DE PAULO AMARAL',23,1,'EM - 1ª SÉRIE','M1CBM','laura.paulo@alunoct.santoagostinho.com.br'),(296,'C160277','LUCAS RIBEIRO DUTRA',23,1,'EM - 1ª SÉRIE',NULL,NULL),(297,'C160268','ISABELA LIMA DIAS',23,1,'EM - 1ª SÉRIE','M1CAM','isabela.dias@alunoct.santoagostinho.com.br'),(298,'C160251','GIOVANNA OLIVEIRA GUIMARÃES',23,1,'EM - 1ª SÉRIE','M1CCM','giovanna.o@alunoct.santoagostinho.com.br'),(299,'C180142','MARIA CECÍLIA SOARES DE SOUZA',23,1,'EM - 1ª SÉRIE','M1CBM','mariasoares@alunoct.santoagostinho.com.br'),(300,'C170251','RILLARY EDUARDA MOREIRA COSTA',23,1,'EM - 1ª SÉRIE',NULL,NULL),(301,'C170151','CAUÊ CUNHA SANTOS',23,1,'EM - 1ª SÉRIE',NULL,NULL),(302,'C170150','ANA LUIZA RIBEIRO DO CARMO',23,1,'EM - 1ª SÉRIE','M1CBM','anacarmo@alunoct.santoagostinho.com.br'),(303,'C170149','VICTOR ALMEIDA MORAIS',23,1,'EM - 1ª SÉRIE',NULL,NULL),(304,'C170148','PEDRO GUSTAVO DOS SANTOS BRANDÃO',23,1,'EM - 1ª SÉRIE',NULL,NULL),(305,'C190108','PEDRO HENRIQUE TAVARES DE OLIVEIRA',23,1,'EM - 1ª SÉRIE','M1CCM','pedro.oliveira@alunoct.santoagostinho.com.br'),(306,'C190107','CLARA TAVES DE ASSIS ANGELO MACHADO',23,1,'EM - 1ª SÉRIE','M1CBM','clara.machado@alunoct.santoagostinho.com.br'),(307,'C190106','CAIO EDUARDO ALMEIDA VIGANÓ',23,1,'EM - 1ª SÉRIE',NULL,NULL),(308,'C190105','ANA LUÍZA SIQUEIRA PEDROSO',23,1,'EM - 1ª SÉRIE','M1CCM','ana.pedroso@alunoct.santoagostinho.com.br'),(309,'C190104','MATEUS FELIPE LOPES DOS SANTOS',23,1,'EM - 1ª SÉRIE',NULL,NULL),(310,'C180177','GABRIELA LIMA BARBOSA',23,1,'EM - 1ª SÉRIE','M1CBM','gabriela.barbosa@alunoct.santoagostinho.com.br'),(311,'C190167','MANUELLA GOMES MILANI',23,1,'EM - 1ª SÉRIE','M1CCM','manuella.milani@alunoct.santoagostinho.com.br'),(312,'C190166','LUCAS OLIVEIRA REIS',23,1,'EM - 1ª SÉRIE','M1CBM','lucas.reis@alunoct.santoagostinho.com.br'),(313,'C190112','MARIA LUIZA BENFICA XAVIER',23,1,'EM - 1ª SÉRIE',NULL,NULL),(314,'C190111','ANA LUIZA GALVÃO DE BRITO',23,1,'EM - 1ª SÉRIE',NULL,NULL),(315,'C190110','VINÍCIUS ARTHUR FERREIRA GONÇALVES',23,1,'EM - 1ª SÉRIE','M1CBM','vinicius.goncalves@alunoct.santoagostinho.com.br'),(316,'C190109','VITOR DE SOUSA ALMEIDA',23,1,'EM - 1ª SÉRIE','M1CCM','vitor.almeida@alunoct.santoagostinho.com.br'),(317,'C190200','SOPHIA CARVALHO DE FARIA',23,1,'EM - 1ª SÉRIE','M1CBM','sophia.faria@alunoct.santoagostinho.com.br'),(318,'C190188','CARLOS EDUARDO GUIMARÃES DANTAS',23,1,'EM - 1ª SÉRIE',NULL,NULL),(319,'C190169','ROGERIO FRANCA IZIDORIO',23,1,'EM - 1ª SÉRIE',NULL,NULL),(320,'C190168','TIAGO ALVES FONSECA',23,1,'EM - 1ª SÉRIE','M1CBM','tiago.fonseca@alunoct.santoagostinho.com.br'),(321,'C005805','MARIA EDUARDA ESPINDOLA BARBOSA',23,1,'EM - 1ª SÉRIE','M1CAM','maria.barbosa@alunoct.santoagostinho.com.br'),(322,'C005801','PEDRO HENRIQUE DE SOUZA PACHECO',23,1,'EM - 1ª SÉRIE',NULL,NULL),(323,'C005800','MARIA FERNANDA PINTO GUIMARÃES',23,1,'EM - 1ª SÉRIE',NULL,'marcelaortopedia@hotmail.com'),(324,'C005799','ALICIA CAROLINA DE OLIVEIRA',23,1,'EM - 1ª SÉRIE','M1CAM','alicia.oliveira@alunoct.santoagostinho.com.br'),(325,'C005681','BERNARDO ZSCHABER MORATO NOGUEIRA',23,1,'EM - 1ª SÉRIE',NULL,NULL),(326,'C005158','MARCO AURELIO GONCALVES ALVES',23,1,'EM - 1ª SÉRIE','M1CCM','marco.alves@alunoct.santoagostinho.com.br');
/*!40000 ALTER TABLE `jisa_alunos` ENABLE KEYS */;
UNLOCK TABLES;

--
-- Table structure for table `jisa_cursos`
--

DROP TABLE IF EXISTS `jisa_cursos`;
/*!40101 SET @saved_cs_client     = @@character_set_client */;
/*!40101 SET character_set_client = utf8 */;
CREATE TABLE `jisa_cursos` (
  `id_curso` int(11) NOT NULL AUTO_INCREMENT,
  `nome_curso` varchar(250) NOT NULL,
  `codcur` int(11) NOT NULL,
  `codper` int(11) NOT NULL,
  PRIMARY KEY (`id_curso`)
) ENGINE=InnoDB AUTO_INCREMENT=13 DEFAULT CHARSET=latin1;
/*!40101 SET character_set_client = @saved_cs_client */;

--
-- Dumping data for table `jisa_cursos`
--

LOCK TABLES `jisa_cursos` WRITE;
/*!40000 ALTER TABLE `jisa_cursos` DISABLE KEYS */;
INSERT INTO `jisa_cursos` VALUES (1,'EM - 3º SÉRIE ',23,3),(2,'EM - 2º SÉRIE',23,2),(3,'EM - 1º SÉRIE',23,1),(4,'EF - 9º SÉRIE',22,9),(5,'EF - 8º SÉRIE',22,8),(6,'EF - 7º SÉRIE',22,7),(7,'EF - 6º SÉRIE',22,6),(8,'EF - 5º SÉRIE ',22,5),(9,'EF - 4º SÉRIE',22,4),(10,'EF - 3º SÉRIE',22,3),(11,'EF - 2º SÉRIE',22,2),(12,'EF - 1º SÉRIE',22,1);
/*!40000 ALTER TABLE `jisa_cursos` ENABLE KEYS */;
UNLOCK TABLES;

--
-- Table structure for table `jisa_equipes`
--

DROP TABLE IF EXISTS `jisa_equipes`;
/*!40101 SET @saved_cs_client     = @@character_set_client */;
/*!40101 SET character_set_client = utf8 */;
CREATE TABLE `jisa_equipes` (
  `id_equipe` int(11) NOT NULL AUTO_INCREMENT,
  `nome_equipe` varchar(45) DEFAULT NULL,
  `sexo` varchar(50) NOT NULL,
  `id_modalidade` int(11) NOT NULL,
  `id_turma` int(11) NOT NULL,
  PRIMARY KEY (`id_equipe`)
) ENGINE=InnoDB AUTO_INCREMENT=8 DEFAULT CHARSET=utf8;
/*!40101 SET character_set_client = @saved_cs_client */;

--
-- Dumping data for table `jisa_equipes`
--

LOCK TABLES `jisa_equipes` WRITE;
/*!40000 ALTER TABLE `jisa_equipes` DISABLE KEYS */;
INSERT INTO `jisa_equipes` VALUES (3,'2MF','MASCULINO',2,2),(4,'1FF','MASCULINO',1,3),(5,'2ED','MASCULINO',2,2),(6,'3eee','MASCULINO',4,1),(7,'3FF','MASCULINO',2,1);
/*!40000 ALTER TABLE `jisa_equipes` ENABLE KEYS */;
UNLOCK TABLES;

--
-- Table structure for table `jisa_formacoes`
--

DROP TABLE IF EXISTS `jisa_formacoes`;
/*!40101 SET @saved_cs_client     = @@character_set_client */;
/*!40101 SET character_set_client = utf8 */;
CREATE TABLE `jisa_formacoes` (
  `id_formacao` int(11) NOT NULL AUTO_INCREMENT,
  `id_equipe` int(11) NOT NULL,
  `id_aluno` int(11) NOT NULL,
  PRIMARY KEY (`id_formacao`)
) ENGINE=InnoDB AUTO_INCREMENT=29 DEFAULT CHARSET=latin1;
/*!40101 SET character_set_client = @saved_cs_client */;

--
-- Dumping data for table `jisa_formacoes`
--

LOCK TABLES `jisa_formacoes` WRITE;
/*!40000 ALTER TABLE `jisa_formacoes` DISABLE KEYS */;
INSERT INTO `jisa_formacoes` VALUES (2,5,27),(5,5,12),(6,5,36),(7,5,70),(8,5,3),(9,5,14),(10,4,12),(11,4,36),(12,4,70),(13,4,3),(14,6,20),(15,6,27),(16,6,70),(17,6,12),(19,6,36),(20,7,251),(21,7,285),(22,7,314),(23,7,218),(24,7,248),(25,7,325),(26,7,270),(27,7,307),(28,7,283);
/*!40000 ALTER TABLE `jisa_formacoes` ENABLE KEYS */;
UNLOCK TABLES;

--
-- Table structure for table `jisa_jogos`
--

DROP TABLE IF EXISTS `jisa_jogos`;
/*!40101 SET @saved_cs_client     = @@character_set_client */;
/*!40101 SET character_set_client = utf8 */;
CREATE TABLE `jisa_jogos` (
  `id_jogo` int(11) NOT NULL AUTO_INCREMENT,
  `data` varchar(45) DEFAULT NULL,
  `horas_inicial` varchar(45) DEFAULT NULL,
  `horas_final` varchar(45) DEFAULT NULL,
  `obs` text,
  `id_modalidade` int(11) NOT NULL,
  `id_local` int(11) NOT NULL,
  `id_usuario` int(11) NOT NULL,
  `id_equipe_1` int(11) NOT NULL,
  `id_equipe_2` int(11) NOT NULL,
  `id_equipe_3` int(11) NOT NULL,
  `id_equipe_4` int(11) NOT NULL,
  `id_equipe_5` int(11) NOT NULL,
  `pontos_equipe_1` int(11) NOT NULL,
  `pontos_equipe_2` int(11) NOT NULL,
  `pontos_equipe_3` int(11) NOT NULL,
  `pontos_equipe_4` int(11) NOT NULL,
  `pontos_equipe_5` int(11) NOT NULL,
  `pontos_final_1` int(11) NOT NULL,
  `pontos_final_2` int(11) NOT NULL,
  `pontos_final_3` int(11) NOT NULL,
  `pontos_final_4` int(11) NOT NULL,
  `pontos_final_5` int(11) NOT NULL,
  `fair_play_1` int(11) NOT NULL,
  `fair_play_2` int(11) NOT NULL,
  `fair_play_3` int(11) NOT NULL,
  `fair_play_4` int(11) NOT NULL,
  `fair_play_5` int(11) NOT NULL,
  PRIMARY KEY (`id_jogo`)
) ENGINE=InnoDB AUTO_INCREMENT=3 DEFAULT CHARSET=utf8;
/*!40101 SET character_set_client = @saved_cs_client */;

--
-- Dumping data for table `jisa_jogos`
--

LOCK TABLES `jisa_jogos` WRITE;
/*!40000 ALTER TABLE `jisa_jogos` DISABLE KEYS */;
INSERT INTO `jisa_jogos` VALUES (1,'2019-05-11','19:00',NULL,'',2,1,1,5,4,0,0,0,3,0,0,0,0,3,1,0,0,0,0,0,0,0,0),(2,'2019-05-11','07:00',NULL,'',1,16,1,6,3,0,0,0,3,0,0,0,0,4,1,0,0,0,1,0,0,0,0);
/*!40000 ALTER TABLE `jisa_jogos` ENABLE KEYS */;
UNLOCK TABLES;

--
-- Table structure for table `jisa_locais`
--

DROP TABLE IF EXISTS `jisa_locais`;
/*!40101 SET @saved_cs_client     = @@character_set_client */;
/*!40101 SET character_set_client = utf8 */;
CREATE TABLE `jisa_locais` (
  `id_local` int(11) NOT NULL AUTO_INCREMENT,
  `nome_local` varchar(45) DEFAULT NULL,
  PRIMARY KEY (`id_local`)
) ENGINE=InnoDB AUTO_INCREMENT=19 DEFAULT CHARSET=utf8;
/*!40101 SET character_set_client = @saved_cs_client */;

--
-- Dumping data for table `jisa_locais`
--

LOCK TABLES `jisa_locais` WRITE;
/*!40000 ALTER TABLE `jisa_locais` DISABLE KEYS */;
INSERT INTO `jisa_locais` VALUES (1,'Quadra 01'),(2,'Quadra 02'),(3,'Quadra 03'),(4,'Quadra Vôlei'),(5,'Quadra Peteca'),(6,'Sala 01'),(7,'Sala 02'),(8,'Sala 03'),(9,'Sala 04'),(10,'Sala 05'),(11,'Sala 06'),(12,'Sala 07'),(13,'Sala 08'),(14,'Mandela'),(15,'Piscina'),(16,'Aquário'),(17,'Quadra Society'),(18,'Salão Educação Física');
/*!40000 ALTER TABLE `jisa_locais` ENABLE KEYS */;
UNLOCK TABLES;

--
-- Table structure for table `jisa_modalidades`
--

DROP TABLE IF EXISTS `jisa_modalidades`;
/*!40101 SET @saved_cs_client     = @@character_set_client */;
/*!40101 SET character_set_client = utf8 */;
CREATE TABLE `jisa_modalidades` (
  `id_modalidade` int(11) NOT NULL AUTO_INCREMENT,
  `nome_modalidade` varchar(45) DEFAULT NULL,
  PRIMARY KEY (`id_modalidade`)
) ENGINE=InnoDB AUTO_INCREMENT=6 DEFAULT CHARSET=utf8;
/*!40101 SET character_set_client = @saved_cs_client */;

--
-- Dumping data for table `jisa_modalidades`
--

LOCK TABLES `jisa_modalidades` WRITE;
/*!40000 ALTER TABLE `jisa_modalidades` DISABLE KEYS */;
INSERT INTO `jisa_modalidades` VALUES (1,'Futebol'),(2,'Basket'),(3,'Peteca'),(4,'Corrida'),(5,'Natação');
/*!40000 ALTER TABLE `jisa_modalidades` ENABLE KEYS */;
UNLOCK TABLES;

--
-- Table structure for table `jisa_perfis`
--

DROP TABLE IF EXISTS `jisa_perfis`;
/*!40101 SET @saved_cs_client     = @@character_set_client */;
/*!40101 SET character_set_client = utf8 */;
CREATE TABLE `jisa_perfis` (
  `id_perfil` int(11) NOT NULL AUTO_INCREMENT,
  `nome_perfil` varchar(45) DEFAULT NULL,
  PRIMARY KEY (`id_perfil`)
) ENGINE=InnoDB AUTO_INCREMENT=5 DEFAULT CHARSET=utf8;
/*!40101 SET character_set_client = @saved_cs_client */;

--
-- Dumping data for table `jisa_perfis`
--

LOCK TABLES `jisa_perfis` WRITE;
/*!40000 ALTER TABLE `jisa_perfis` DISABLE KEYS */;
INSERT INTO `jisa_perfis` VALUES (1,'ADMINISTRADOR'),(2,'JUÍZ'),(3,'COORDENADOR '),(4,'ALUNO');
/*!40000 ALTER TABLE `jisa_perfis` ENABLE KEYS */;
UNLOCK TABLES;

--
-- Table structure for table `jisa_pontos`
--

DROP TABLE IF EXISTS `jisa_pontos`;
/*!40101 SET @saved_cs_client     = @@character_set_client */;
/*!40101 SET character_set_client = utf8 */;
CREATE TABLE `jisa_pontos` (
  `id_ponto` int(11) NOT NULL AUTO_INCREMENT,
  `id_equipe` int(11) NOT NULL,
  `id_turma` int(11) DEFAULT NULL,
  `nome_equipe` varchar(45) NOT NULL,
  `nome_turma` varchar(50) NOT NULL,
  `pontos` int(11) NOT NULL,
  `id_jogo` int(11) NOT NULL,
  PRIMARY KEY (`id_ponto`)
) ENGINE=InnoDB AUTO_INCREMENT=5 DEFAULT CHARSET=latin1;
/*!40101 SET character_set_client = @saved_cs_client */;

--
-- Dumping data for table `jisa_pontos`
--

LOCK TABLES `jisa_pontos` WRITE;
/*!40000 ALTER TABLE `jisa_pontos` DISABLE KEYS */;
INSERT INTO `jisa_pontos` VALUES (1,5,2,'2ED','EM - 2º SÉRIE',3,1),(2,6,1,'3eee','EM - 3º SÉRIE ',4,2),(3,3,2,'2MF','EM - 2º SÉRIE',1,2),(4,4,3,'1FF','EM - 1º A',1,1);
/*!40000 ALTER TABLE `jisa_pontos` ENABLE KEYS */;
UNLOCK TABLES;

--
-- Table structure for table `jisa_turmas`
--

DROP TABLE IF EXISTS `jisa_turmas`;
/*!40101 SET @saved_cs_client     = @@character_set_client */;
/*!40101 SET character_set_client = utf8 */;
CREATE TABLE `jisa_turmas` (
  `id_turma` int(11) NOT NULL AUTO_INCREMENT,
  `nome_turma` varchar(250) NOT NULL,
  `turno` varchar(10) NOT NULL,
  `codcur` int(11) NOT NULL,
  `codper` int(11) NOT NULL,
  PRIMARY KEY (`id_turma`)
) ENGINE=InnoDB AUTO_INCREMENT=14 DEFAULT CHARSET=latin1;
/*!40101 SET character_set_client = @saved_cs_client */;

--
-- Dumping data for table `jisa_turmas`
--

LOCK TABLES `jisa_turmas` WRITE;
/*!40000 ALTER TABLE `jisa_turmas` DISABLE KEYS */;
INSERT INTO `jisa_turmas` VALUES (1,'EM - 3º SÉRIE ','MANHÃ',23,3),(2,'EM - 2º SÉRIE','MANHÃ',23,2),(3,'EM - 1º A','MANHÃ',23,1),(4,'EM - 1º B','MANHÃ',23,1),(5,'EM - 1º C','MANHÃ',23,1),(6,'EF - 7º SÉRIE','MANHÃ',22,7),(7,'EF - 6º SÉRIE','MANHÃ',22,6),(8,'EF - 5º SÉRIE ','MANHÃ',22,5),(9,'EF - 4º SÉRIE','MANHÃ',22,4),(10,'EF - 3º SÉRIE','MANHÃ',22,3),(11,'EF - 2º SÉRIE','MANHÃ',22,2),(12,'EF - 1º SÉRIE','MANHÃ',22,1),(13,'teste','',23,3);
/*!40000 ALTER TABLE `jisa_turmas` ENABLE KEYS */;
UNLOCK TABLES;

--
-- Table structure for table `jisa_usuarios`
--

DROP TABLE IF EXISTS `jisa_usuarios`;
/*!40101 SET @saved_cs_client     = @@character_set_client */;
/*!40101 SET character_set_client = utf8 */;
CREATE TABLE `jisa_usuarios` (
  `id_usuario` int(11) NOT NULL AUTO_INCREMENT,
  `nome` varchar(150) DEFAULT NULL,
  `usuario` varchar(45) DEFAULT NULL,
  `senha` varchar(45) DEFAULT NULL,
  `id_turma` int(11) NOT NULL,
  `id_perfil` int(11) NOT NULL,
  PRIMARY KEY (`id_usuario`)
) ENGINE=InnoDB AUTO_INCREMENT=6 DEFAULT CHARSET=utf8;
/*!40101 SET character_set_client = @saved_cs_client */;

--
-- Dumping data for table `jisa_usuarios`
--

LOCK TABLES `jisa_usuarios` WRITE;
/*!40000 ALTER TABLE `jisa_usuarios` DISABLE KEYS */;
INSERT INTO `jisa_usuarios` VALUES (1,'Lucas de Sousa Assunção','teste','teste',0,1),(2,'juiz','juiz','juiz',0,2),(3,'professor','professor','professor',0,3),(4,'aluno','aluno','aluno',3,4),(5,'aluno','aluno 2','aluno',1,4);
/*!40000 ALTER TABLE `jisa_usuarios` ENABLE KEYS */;
UNLOCK TABLES;

--
-- Table structure for table `teste_alunos`
--

DROP TABLE IF EXISTS `teste_alunos`;
/*!40101 SET @saved_cs_client     = @@character_set_client */;
/*!40101 SET character_set_client = utf8 */;
CREATE TABLE `teste_alunos` (
  `id_aluno` int(11) NOT NULL DEFAULT '0',
  `ra` varchar(50) CHARACTER SET utf8 NOT NULL,
  `nome_aluno` varchar(150) CHARACTER SET utf8 DEFAULT NULL,
  `codcur` int(11) DEFAULT NULL,
  `codper` int(11) DEFAULT NULL,
  `matriz_curricular` varchar(50) CHARACTER SET utf8 NOT NULL,
  `turma` varchar(30) CHARACTER SET utf8 DEFAULT NULL,
  `email` varchar(50) CHARACTER SET utf8 DEFAULT NULL,
  `matricula` varchar(45) CHARACTER SET utf8 DEFAULT NULL,
  `vet_nov` varchar(45) CHARACTER SET utf8 DEFAULT NULL,
  `tur_ant` varchar(45) CHARACTER SET utf8 DEFAULT NULL,
  `sexo` varchar(45) CHARACTER SET utf8 DEFAULT NULL,
  `turno` varchar(45) CHARACTER SET utf8 DEFAULT NULL,
  `situacao` varchar(45) CHARACTER SET utf8 DEFAULT NULL,
  `cidade` varchar(45) CHARACTER SET utf8 DEFAULT NULL,
  `media` int(11) DEFAULT NULL,
  `id_turma` int(11) DEFAULT NULL
) ENGINE=InnoDB DEFAULT CHARSET=latin1;
/*!40101 SET character_set_client = @saved_cs_client */;

--
-- Dumping data for table `teste_alunos`
--

LOCK TABLES `teste_alunos` WRITE;
/*!40000 ALTER TABLE `teste_alunos` DISABLE KEYS */;
INSERT INTO `teste_alunos` VALUES (1,'C150217','HENRIQUE LOPES DE ASSUNÇÃO',23,3,'EM - 3ª SÉRIE','M3CAM','henrique.assuncao@alunoct.santoagostinho.com.br',NULL,NULL,NULL,NULL,NULL,NULL,NULL,NULL,1),(2,'C006055','GABRIELA ASSUNÇÃO FONSECA',23,3,'EM - 3ª SÉRIE','M3CAM','gabriela.fonseca@alunoct.santoagostinho.com.br',NULL,NULL,NULL,NULL,NULL,NULL,NULL,NULL,1),(3,'C006008','BÁRBARA LOPES MONTEIRO OLIVEIRA',23,3,'EM - 3ª SÉRIE','M3CAM','barbara.oliveira@alunoct.santoagostinho.com.br',NULL,NULL,NULL,NULL,NULL,NULL,NULL,NULL,1),(4,'C005706','MARIA EDUARDA MILAGRES FONSECA',23,3,'EM - 3ª SÉRIE','M3CAM','maria.fonseca@alunoct.santoagostinho.com.br',NULL,NULL,NULL,NULL,NULL,NULL,NULL,NULL,1),(5,'C005668','MARIA CLARA PIRES DE FREITAS',23,3,'EM - 3ª SÉRIE','M3CAM','maria.clara@alunoct.santoagostinho.com.br',NULL,NULL,NULL,NULL,NULL,NULL,NULL,NULL,1),(6,'C005521','CLARA GONÇALVES DE PAULA',23,3,'EM - 3ª SÉRIE','M3CBM','clara.paula@alunoct.santoagostinho.com.br',NULL,NULL,NULL,NULL,NULL,NULL,NULL,NULL,1),(7,'C006328','GIULIA SALGADO AZEVEDO',23,3,'EM - 3ª SÉRIE','M3CAM','giulia.azevedo@alunoct.santoagostinho.com.br',NULL,NULL,NULL,NULL,NULL,NULL,NULL,NULL,1),(8,'C006325','ANA CAROLINA GRIPP DO CARMO',23,3,'EM - 3ª SÉRIE','M3CBM','ana.carmo@alunoct.santoagostinho.com.br',NULL,NULL,NULL,NULL,NULL,NULL,NULL,NULL,1),(9,'C006244','LUCAS ALMEIDA BRANDÃO',23,3,'EM - 3ª SÉRIE','M3CBM','lucas.brandao@alunoct.santoagostinho.com.br',NULL,NULL,NULL,NULL,NULL,NULL,NULL,NULL,1),(10,'C006243','BEATRIZ AUGUSTO NOVAIS',23,3,'EM - 3ª SÉRIE','M3CBM','beatriz.novais@alunoct.santoagostinho.com.br',NULL,NULL,NULL,NULL,NULL,NULL,NULL,NULL,1),(11,'C006241','HENRIQUE ARAÚJO MOURA',23,3,'EM - 3ª SÉRIE','M3CAM','henrique.moura@alunoct.santoagostinho.com.br',NULL,NULL,NULL,NULL,NULL,NULL,NULL,NULL,1),(12,'C006110','ANA RAQUEL OLIVEIRA AMORIM',23,3,'EM - 3ª SÉRIE','M3CAM','ana.amorim@alunoct.santoagostinho.com.br',NULL,NULL,NULL,NULL,NULL,NULL,NULL,NULL,1),(13,'C090247','KALEW ALVES RODRIGUES',23,3,'EM - 3ª SÉRIE','M3CAM','kalew.rodrigues@alunoct.santoagostinho.com.br',NULL,NULL,NULL,NULL,NULL,NULL,NULL,NULL,1),(14,'C150216','CAMILA DE PAULA LOPES LOBATO',23,3,'EM - 3ª SÉRIE','M3CAM','camila.lobato@alunoct.santoagostinho.com.br',NULL,NULL,NULL,NULL,NULL,NULL,NULL,NULL,1),(15,'C090093','ANA LUIZA REIS SILVA',23,3,'EM - 3ª SÉRIE','M3CBM','ana.reis@alunoct.santoagostinho.com.br',NULL,NULL,NULL,NULL,NULL,NULL,NULL,NULL,1),(16,'C160192','ANA LUIZA DE FREITAS SILVA',23,3,'EM - 3ª SÉRIE','M3CBM','ana.luiza@alunoct.santoagostinho.com.br',NULL,NULL,NULL,NULL,NULL,NULL,NULL,NULL,1),(17,'C090088','SOFIA LARA DIAS DE MORAIS',23,3,'EM - 3ª SÉRIE','M3CAM','sofia.morais@alunoct.santoagostinho.com.br',NULL,NULL,NULL,NULL,NULL,NULL,NULL,NULL,1),(18,'C006440','PAULO HENRIQUE DE OLIVEIRA ROCHA',23,3,'EM - 3ª SÉRIE','M3CBM','paulo.rocha@alunoct.santoagostinho.com.br',NULL,NULL,NULL,NULL,NULL,NULL,NULL,NULL,1),(19,'C100258','ANA CLARA RACHID MIRANDA',23,3,'EM - 3ª SÉRIE','M3CBM','ana.rachid@alunoct.santoagostinho.com.br',NULL,NULL,NULL,NULL,NULL,NULL,NULL,NULL,1),(20,'C100232','GUILHERME MARINHO ANTONUCCI MARTINS',23,3,'EM - 3ª SÉRIE','M3CAM','guilherme.martins@alunoct.santoagostinho.com.br',NULL,NULL,NULL,NULL,NULL,NULL,NULL,NULL,1),(21,'C100221','LUCAS PICININ CAMPOS LUTTI',23,3,'EM - 3ª SÉRIE','M3CBM','lucas.lutti@alunoct.santoagostinho.com.br',NULL,NULL,NULL,NULL,NULL,NULL,NULL,NULL,1),(22,'C150227','MARIANA ASSUNÇÃO CUNHA',23,3,'EM - 3ª SÉRIE','M3CBM','mariana.cunha@alunoct.santoagostinho.com.br',NULL,NULL,NULL,NULL,NULL,NULL,NULL,NULL,1),(23,'C090283','ALAN ALMADA RIBEIRO PRADO',23,3,'EM - 3ª SÉRIE','M3CBM','alan.prado@alunoct.santoagostinho.com.br',NULL,NULL,NULL,NULL,NULL,NULL,NULL,NULL,1),(24,'C090279','LARYSSA GIOVANA FIGUEIREDO GOMES',23,3,'EM - 3ª SÉRIE','M3CBM','laryssa.gomes@alunoct.santoagostinho.com.br',NULL,NULL,NULL,NULL,NULL,NULL,NULL,NULL,1),(25,'C120141','MURILO HENRIQUES RABELO',23,3,'EM - 3ª SÉRIE','M3CAM','murilo.rabelo@alunoct.santoagostinho.com.br',NULL,NULL,NULL,NULL,NULL,NULL,NULL,NULL,1),(26,'C120133','CAMILLA OLIVEIRA ELIAS',23,3,'EM - 3ª SÉRIE','M3CAM','camilla.elias@alunoct.santoagostinho.com.br',NULL,NULL,NULL,NULL,NULL,NULL,NULL,NULL,1),(27,'C120132','LUCAS MONTEIRO DELGADO',23,3,'EM - 3ª SÉRIE',NULL,'LUIZ.DELGADO@IG.COM.BR',NULL,NULL,NULL,NULL,NULL,NULL,NULL,NULL,1),(28,'C120129','IZABELA MARIANO FONSECA ALVES',23,3,'EM - 3ª SÉRIE','M3CAM','izabela.alves@alunoct.santoagostinho.com.br',NULL,NULL,NULL,NULL,NULL,NULL,NULL,NULL,1),(29,'C120128','ANA JÚLIA SOUZA AMORIM',23,3,'EM - 3ª SÉRIE','M3CBM','ana.souza@alunoct.santoagostinho.com.br',NULL,NULL,NULL,NULL,NULL,NULL,NULL,NULL,1),(30,'C110090','NATAN ENRICO BAMBIRRA BRAGA',23,3,'EM - 3ª SÉRIE','M3CAM','natan.braga@alunoct.santoagostinho.com.br',NULL,NULL,NULL,NULL,NULL,NULL,NULL,NULL,1),(31,'C130160','LUANA SANTOS LIMA',23,3,'EM - 3ª SÉRIE','M3CAM','luana.lima@alunoct.santoagostinho.com.br',NULL,NULL,NULL,NULL,NULL,NULL,NULL,NULL,1),(32,'C130159','GUSTAVO CAMPOS SABINO',23,3,'EM - 3ª SÉRIE','M3CAM','gustavo.sabino@alunoct.santoagostinho.com.br',NULL,NULL,NULL,NULL,NULL,NULL,NULL,NULL,1),(33,'C120281','LUDMILLA SILVA DANTAS',23,3,'EM - 3ª SÉRIE','M3CAM','ludmilla.dantas@alunoct.santoagostinho.com.br',NULL,NULL,NULL,NULL,NULL,NULL,NULL,NULL,1),(34,'C120218','MARIANA RIBEIRO RAMOS',23,3,'EM - 3ª SÉRIE','M3CBM','mariana.ramos@alunoct.santoagostinho.com.br',NULL,NULL,NULL,NULL,NULL,NULL,NULL,NULL,1),(35,'C120217','GUSTAVO AUGUSTO COSTA RODRIGUES',23,3,'EM - 3ª SÉRIE','M3CBM','gustavo.augusto@alunoct.santoagostinho.com.br',NULL,NULL,NULL,NULL,NULL,NULL,NULL,NULL,1),(36,'C120216','ANDRE MIGUEL ABDO FIDELIS DE PAULA',23,3,'EM - 3ª SÉRIE','M3CAM','andre.paula@alunoct.santoagostinho.com.br',NULL,NULL,NULL,NULL,NULL,NULL,NULL,NULL,1),(37,'C130183','CLARA MACHADO BEMFICA',23,3,'EM - 3ª SÉRIE','M3CAM','clara.bemfica@alunoct.santoagostinho.com.br',NULL,NULL,NULL,NULL,NULL,NULL,NULL,NULL,1),(38,'C130180','CAROLINA MARIA ARAUJO DE MIRANDA RAMALHO',23,3,'EM - 3ª SÉRIE','M3CAM','carolina.ramalho@alunoct.santoagostinho.com.br',NULL,NULL,NULL,NULL,NULL,NULL,NULL,NULL,1),(39,'C130173','CLARA ECKEL COELHO DE FIGUEIREDO',23,3,'EM - 3ª SÉRIE','M3CBM','clara.figueiredo@alunoct.santoagostinho.com.br',NULL,NULL,NULL,NULL,NULL,NULL,NULL,NULL,1),(40,'C130170','PEDRO BRAGA MORGAN BLEME',23,3,'EM - 3ª SÉRIE','M3CAM','pedro.bleme@alunoct.santoagostinho.com.br',NULL,NULL,NULL,NULL,NULL,NULL,NULL,NULL,1),(41,'C130167','GUILHERME AMARAL SILVA',23,3,'EM - 3ª SÉRIE','M3CBM','guilherme.amaral@alunoct.santoagostinho.com.br',NULL,NULL,NULL,NULL,NULL,NULL,NULL,NULL,1),(42,'C130163','PAULO HENRIQUE AMARAL RESENDE LARA',23,3,'EM - 3ª SÉRIE','M3CBM','paulo.lara@alunoct.santoagostinho.com.br',NULL,NULL,NULL,NULL,NULL,NULL,NULL,NULL,1),(43,'C130295','IZABELA PEDROSA CAPUTO ARANTES',23,3,'EM - 3ª SÉRIE','M3CBM','izabela.arantes@alunoct.santoagostinho.com.br',NULL,NULL,NULL,NULL,NULL,NULL,NULL,NULL,1),(44,'C130275','RAPHAEL TONELLI DE OLIVEIRA COSTA',23,3,'EM - 3ª SÉRIE','M3CBM','raphael.costa@alunoct.santoagostinho.com.br',NULL,NULL,NULL,NULL,NULL,NULL,NULL,NULL,1),(45,'C130272','ANA LUÍSA FERNANDES DE SOUZA',23,3,'EM - 3ª SÉRIE','M3CBM','ana.fernandes@alunoct.santoagostinho.com.br',NULL,NULL,NULL,NULL,NULL,NULL,NULL,NULL,1),(46,'C130237','EDUARDO HENRIQUE DE CASTRO PEREIRA',23,3,'EM - 3ª SÉRIE',NULL,NULL,NULL,NULL,NULL,NULL,NULL,NULL,NULL,NULL,1),(47,'C130190','GUSTAVO CANUTO CUNHA',23,3,'EM - 3ª SÉRIE','M3CBM','gustavo.cunha@alunoct.santoagostinho.com.br',NULL,NULL,NULL,NULL,NULL,NULL,NULL,NULL,1),(48,'C130188','BEATRIZ CARVALHO AVIDAGO GERALDO',23,3,'EM - 3ª SÉRIE','M3CBM','beatriz.geraldo@alunoct.santoagostinho.com.br',NULL,NULL,NULL,NULL,NULL,NULL,NULL,NULL,1),(49,'C150386','NELITON DE ARAÚJO SILVA JUNIOR',23,3,'EM - 3ª SÉRIE','M3CAM','neliton.junior@alunoct.santoagostinho.com.br',NULL,NULL,NULL,NULL,NULL,NULL,NULL,NULL,1),(50,'C150225','TALITA VITÓRIA ABREU MEIRE',23,3,'EM - 3ª SÉRIE','M3CAM','talita.meire@alunoct.santoagostinho.com.br',NULL,NULL,NULL,NULL,NULL,NULL,NULL,NULL,1),(51,'C150224','GABRIELLA VITÓRIA DE SOUZA',23,3,'EM - 3ª SÉRIE','M3CAM','gabriella.souza@alunoct.santoagostinho.com.br',NULL,NULL,NULL,NULL,NULL,NULL,NULL,NULL,1),(52,'C150222','SARAH ALMEIDA FRANCA',23,3,'EM - 3ª SÉRIE','M3CAM','sarah.franca@alunoct.santoagostinho.com.br',NULL,NULL,NULL,NULL,NULL,NULL,NULL,NULL,1),(53,'C140186','SOPHIA CARLA DE OLIVEIRA E SILVA',23,3,'EM - 3ª SÉRIE','M3CAM','sophia.silva@alunoct.santoagostinho.com.br',NULL,NULL,NULL,NULL,NULL,NULL,NULL,NULL,1),(54,'C130312','NICOLLI CORDEIRO DE MORAIS',23,3,'EM - 3ª SÉRIE','M3CAM','nicolli.morais@alunoct.santoagostinho.com.br',NULL,NULL,NULL,NULL,NULL,NULL,NULL,NULL,1),(55,'C170157','ANDRÉ MACEDO CRUZ',23,3,'EM - 3ª SÉRIE','M3CBM','andre.cruz@alunoct.santoagostinho.com.br',NULL,NULL,NULL,NULL,NULL,NULL,NULL,NULL,1),(56,'C170156','CLARA SANTOS FURBINO',23,3,'EM - 3ª SÉRIE','M3CAM','clara.furbino@alunoct.santoagostinho.com.br',NULL,NULL,NULL,NULL,NULL,NULL,NULL,NULL,1),(57,'C170155','SARAH MATTOS MORAES',23,3,'EM - 3ª SÉRIE','M3CAM','sarah.moraes@alunoct.santoagostinho.com.br',NULL,NULL,NULL,NULL,NULL,NULL,NULL,NULL,1),(58,'C160283','CAROLLINE NUNES DA COSTA',23,3,'EM - 3ª SÉRIE','M3CAM','carolline.costa@alunoct.santoagostinho.com.br',NULL,NULL,NULL,NULL,NULL,NULL,NULL,NULL,1),(59,'C160209','LUIZ ARTHUR RODRIGUES SOUSA',23,3,'EM - 3ª SÉRIE','M3CBM','luiz.sousa@alunoct.santoagostinho.com.br',NULL,NULL,NULL,NULL,NULL,NULL,NULL,NULL,1),(60,'C160194','SÂMILLA MURTA LIMA',23,3,'EM - 3ª SÉRIE','M3CBM','samilla.lima@alunoct.santoagostinho.com.br',NULL,NULL,NULL,NULL,NULL,NULL,NULL,NULL,1),(61,'C180130','THIAGO CUNHA GOMES DE OLIVEIRA',23,3,'EM - 3ª SÉRIE','M3CBM','thiago.gomes@alunoct.santoagostinho.com.br',NULL,NULL,NULL,NULL,NULL,NULL,NULL,NULL,1),(62,'C170242','DANIELLE VIEIRA DE LIMA SILVA',23,3,'EM - 3ª SÉRIE','M3CAM','danielle.silva@alunoct.santoagostinho.com.br',NULL,NULL,NULL,NULL,NULL,NULL,NULL,NULL,1),(63,'C170241','ISABELA MARA RIBEIRO PINTO',23,3,'EM - 3ª SÉRIE','M3CAM','isabela.mara@alunoct.santoagostinho.com.br',NULL,NULL,NULL,NULL,NULL,NULL,NULL,NULL,1),(64,'C170208','LUIZA ALVARENGA DINIZ',23,3,'EM - 3ª SÉRIE','M3CBM','luiza.diniz@alunoct.santoagostinho.com.br',NULL,NULL,NULL,NULL,NULL,NULL,NULL,NULL,1),(65,'C170160','VICTÓRIA PINHEIRO LIMA ABREU',23,3,'EM - 3ª SÉRIE','M3CAM','victoria.abreu@alunoct.santoagostinho.com.br',NULL,NULL,NULL,NULL,NULL,NULL,NULL,NULL,1),(66,'C170159','JEFFERSON DE PAULA SILVA',23,3,'EM - 3ª SÉRIE','M3CAM','jefferson.silva@alunoct.santoagostinho.com.br',NULL,NULL,NULL,NULL,NULL,NULL,NULL,NULL,1),(67,'C190178','LORENZO ARAUJO MONFARDINI',23,3,'EM - 3ª SÉRIE','M3CAM','lorenzo.monfardini@alunoct.santoagostinho.com.br',NULL,NULL,NULL,NULL,NULL,NULL,NULL,NULL,1),(68,'C190133','ANNA CLARA LOPES COSTA',23,3,'EM - 3ª SÉRIE','M3CBM','anna.costa@alunoct.santoagostinho.com.br',NULL,NULL,NULL,NULL,NULL,NULL,NULL,NULL,1),(69,'C180175','LUANA LARISSA XAVIER FILARETTI',23,3,'EM - 3ª SÉRIE','M3CBM','luana.filaretti@alunoct.santoagostinho.com.br',NULL,NULL,NULL,NULL,NULL,NULL,NULL,NULL,1),(70,'C180173','MIGUEL MANASSÉS MENDES CAMPOS',23,3,'EM - 3ª SÉRIE',NULL,NULL,NULL,NULL,NULL,NULL,NULL,NULL,NULL,NULL,1),(71,'C180172','MARIA LUIZA DE ALMEIDA CALDEIRA',23,3,'EM - 3ª SÉRIE','M3CBM','mariacaldeira@alunoct.santoagostinho.com.br',NULL,NULL,NULL,NULL,NULL,NULL,NULL,NULL,1),(72,'C005509','MATHEUS DA COSTA CABRAL',23,3,'EM - 3ª SÉRIE','M3CBM','matheus.cabral@alunoct.santoagostinho.com.br',NULL,NULL,NULL,NULL,NULL,NULL,NULL,NULL,1),(73,'C005508','MARIA EDUARDA ALVES PIMENTA ROSA',23,3,'EM - 3ª SÉRIE','M3CBM','maria.rosa@alunoct.santoagostinho.com.br',NULL,NULL,NULL,NULL,NULL,NULL,NULL,NULL,1),(74,'C100223','GUSTAVO ANTUNES BATISTA',23,3,'EM - 3ª SÉRIE','M3CBM','gustavo.batista@alunoct.santoagostinho.com.br',NULL,NULL,NULL,NULL,NULL,NULL,NULL,NULL,1),(75,'C005464','ROSÁLIA COELHO CAPUTO',23,3,'EM - 3ª SÉRIE','M3CBM','rosalia.caputo@alunoct.santoagostinho.com.br',NULL,NULL,NULL,NULL,NULL,NULL,NULL,NULL,1),(76,'C005437','ANA BEATRIZ HABAEB MOREIRA',23,3,'EM - 3ª SÉRIE','M3CBM','ana.moreira@alunoct.santoagostinho.com.br',NULL,NULL,NULL,NULL,NULL,NULL,NULL,NULL,1),(77,'C005369','THIAGO PEIXOTO BRAGA',23,3,'EM - 3ª SÉRIE','M3CAM','thiago.braga@alunoct.santoagostinho.com.br',NULL,NULL,NULL,NULL,NULL,NULL,NULL,NULL,1),(78,'C006156','ISABELA MARÇAL LIMA',23,2,'EM - 2ª SÉRIE','M2CCM','isabela.lima@alunoct.santoagostinho.com.br',NULL,NULL,NULL,NULL,NULL,NULL,NULL,NULL,2),(79,'C006009','BERNARDO LOPES MONTEIRO OLIVEIRA',23,2,'EM - 2ª SÉRIE','M2CAM','bernardo.lopes@alunoct.santoagostinho.com.br',NULL,NULL,NULL,NULL,NULL,NULL,NULL,NULL,2),(80,'C005820','EDUARDA LUIZA MOREIRA DE SOUZA',23,2,'EM - 2ª SÉRIE','M2CAM','eduarda.souza@alunoct.santoagostinho.com.br',NULL,NULL,NULL,NULL,NULL,NULL,NULL,NULL,2),(81,'C005817','LIVIA LARA MARQUES',23,2,'EM - 2ª SÉRIE','M2CBM','livia.marques@alunoct.santoagostinho.com.br',NULL,NULL,NULL,NULL,NULL,NULL,NULL,NULL,2),(82,'C005798','FERNANDA AMARAL SOARES DE PAIVA',23,2,'EM - 2ª SÉRIE',NULL,NULL,NULL,NULL,NULL,NULL,NULL,NULL,NULL,NULL,2),(83,'C005789','BRENO LEONE FERREIRA NAVES',23,2,'EM - 2ª SÉRIE','M2CBM','breno.naves@alunoct.santoagostinho.com.br',NULL,NULL,NULL,NULL,NULL,NULL,NULL,NULL,2),(84,'C006399','JULIA ROBINE ROSA',23,2,'EM - 2ª SÉRIE','M2CBM','julia.rosa@alunoct.santoagostinho.com.br',NULL,NULL,NULL,NULL,NULL,NULL,NULL,NULL,2),(85,'C006398','GABRIELA BARBOSA GONÇALVES',23,2,'EM - 2ª SÉRIE','M2CAM','gabriela.goncalves@alunoct.santoagostinho.com.br',NULL,NULL,NULL,NULL,NULL,NULL,NULL,NULL,2),(86,'C006326','GUSTAVO HENRIQUE MUNIZ',23,2,'EM - 2ª SÉRIE','M2CCM','gustavo.muniz@alunoct.santoagostinho.com.br',NULL,NULL,NULL,NULL,NULL,NULL,NULL,NULL,2),(87,'C140283','PEDRO VITOR DIAS LOPES',23,2,'EM - 2ª SÉRIE','M2CBM','pedro.lopes@alunoct.santoagostinho.com.br',NULL,NULL,NULL,NULL,NULL,NULL,NULL,NULL,2),(88,'C006174','VINÍCIUS TADEU BARCELOS SILVA',23,2,'EM - 2ª SÉRIE','M2CCM','vinicius.silva@alunoct.santoagostinho.com.br',NULL,NULL,NULL,NULL,NULL,NULL,NULL,NULL,2),(89,'C006171','PEDRO RICARDO SOUZA',23,2,'EM - 2ª SÉRIE','M2CAM','pedro.souza@alunoct.santoagostinho.com.br',NULL,NULL,NULL,NULL,NULL,NULL,NULL,NULL,2),(90,'C090107','RAPHAELLA APARECIDA SANTOS',23,2,'EM - 2ª SÉRIE','M2CBM','raphaella.santos@alunoct.santoagostinho.com.br',NULL,NULL,NULL,NULL,NULL,NULL,NULL,NULL,2),(91,'C090106','ANA CLARA MAGALHÃES BATISTA',23,2,'EM - 2ª SÉRIE','M2CBM','ana.batista@alunoct.santoagostinho.com.br',NULL,NULL,NULL,NULL,NULL,NULL,NULL,NULL,2),(92,'C090105','ALEJANDRO DA COSTA GUILLÉN',23,2,'EM - 2ª SÉRIE','M2CAM','alejandro.guillen@alunoct.santoagostinho.com.br',NULL,NULL,NULL,NULL,NULL,NULL,NULL,NULL,2),(93,'C090102','SOFIA SIMAN SALEMA',23,2,'EM - 2ª SÉRIE','M2CBM','sofia.salema@alunoct.santoagostinho.com.br',NULL,NULL,NULL,NULL,NULL,NULL,NULL,NULL,2),(94,'C090101','BRUNA SIMÕES CHAGAS',23,2,'EM - 2ª SÉRIE','M2CBM','bruna.chagas@alunoct.santoagostinho.com.br',NULL,NULL,NULL,NULL,NULL,NULL,NULL,NULL,2),(95,'C090095','ANA LUÍSA REIS SILVA DE SENA',23,2,'EM - 2ª SÉRIE','M2CAM','ana.sena@alunoct.santoagostinho.com.br',NULL,NULL,NULL,NULL,NULL,NULL,NULL,NULL,2),(96,'C090252','GUSTAVO RIBEIRO MELO PEIXOTO',23,2,'EM - 2ª SÉRIE','M2CBM','gustavo.peixoto@alunoct.santoagostinho.com.br',NULL,NULL,NULL,NULL,NULL,NULL,NULL,NULL,2),(97,'C170152','HENRIQUE SILVA DUARTE XAVIER',23,2,'EM - 2ª SÉRIE','M2CAM','henrique.xavier@alunoct.santoagostinho.com.br',NULL,NULL,NULL,NULL,NULL,NULL,NULL,NULL,2),(98,'C090123','JÚLIA VIEGAS MIRANDA',23,2,'EM - 2ª SÉRIE','M2CBM','julia.miranda@alunoct.santoagostinho.com.br',NULL,NULL,NULL,NULL,NULL,NULL,NULL,NULL,2),(99,'C090116','VICTOR YAN FONSECA REZENDE',23,2,'EM - 2ª SÉRIE','M2CAM','victor.rezende@alunoct.santoagostinho.com.br',NULL,NULL,NULL,NULL,NULL,NULL,NULL,NULL,2),(100,'C090111','ISABELA CRISTINA GONÇALVES PEDROSA',23,2,'EM - 2ª SÉRIE','M2CCM','isabela.pedrosa@alunoct.santoagostinho.com.br',NULL,NULL,NULL,NULL,NULL,NULL,NULL,NULL,2),(101,'C090109','GUILHERME DIAS COELHO SILVA',23,2,'EM - 2ª SÉRIE','M2CBM','guilherme.silva@alunoct.santoagostinho.com.br',NULL,NULL,NULL,NULL,NULL,NULL,NULL,NULL,2),(102,'C100103','RAFAELLA COSTA DA SILVEIRA MARTINS',23,2,'EM - 2ª SÉRIE','M2CAM','rafaella.martins@alunoct.santoagostinho.com.br',NULL,NULL,NULL,NULL,NULL,NULL,NULL,NULL,2),(103,'C090309','MARIA EDUARDA SILVA NOGUEIRA',23,2,'EM - 2ª SÉRIE','M2CCM','maria.nogueira@alunoct.santoagostinho.com.br',NULL,NULL,NULL,NULL,NULL,NULL,NULL,NULL,2),(104,'C090278','LARA PRADO XAVIER',23,2,'EM - 2ª SÉRIE','M2CBM','lara.xavier@alunoct.santoagostinho.com.br',NULL,NULL,NULL,NULL,NULL,NULL,NULL,NULL,2),(105,'C090277','LÍVIA RABELO DUTRA',23,2,'EM - 2ª SÉRIE','M2CBM','livia.dutra@alunoct.santoagostinho.com.br',NULL,NULL,NULL,NULL,NULL,NULL,NULL,NULL,2),(106,'C090256','PEDRO REIS ROCHA',23,2,'EM - 2ª SÉRIE','M2CAM','pedro.rocha@alunoct.santoagostinho.com.br',NULL,NULL,NULL,NULL,NULL,NULL,NULL,NULL,2),(107,'C090253','LAURA BRANDÃO ALVARES DE FREITAS',23,2,'EM - 2ª SÉRIE','M2CBM','laura.freitas@alunoct.santoagostinho.com.br',NULL,NULL,NULL,NULL,NULL,NULL,NULL,NULL,2),(108,'C110084','LUIS EDUARDO MOREIRA LAS-CASAS',23,2,'EM - 2ª SÉRIE','M2CAM','luis.las-casas@alunoct.santoagostinho.com.br',NULL,NULL,NULL,NULL,NULL,NULL,NULL,NULL,2),(109,'C110083','CAMILA ESTER MENEZES FERREIRA',23,2,'EM - 2ª SÉRIE','M2CAM','camila.ferreira@alunoct.santoagostinho.com.br',NULL,NULL,NULL,NULL,NULL,NULL,NULL,NULL,2),(110,'C100208','LAURA PICININ CAMPOS LUTTI',23,2,'EM - 2ª SÉRIE','M2CAM','laura.lutti@alunoct.santoagostinho.com.br',NULL,NULL,NULL,NULL,NULL,NULL,NULL,NULL,2),(111,'C100181','SARA DE PAULA SANTOS',23,2,'EM - 2ª SÉRIE','M2CCM','sara.santos@alunoct.santoagostinho.com.br',NULL,NULL,NULL,NULL,NULL,NULL,NULL,NULL,2),(112,'C100106','ARTHUR VINICIUS REIS RODRIGUES',23,2,'EM - 2ª SÉRIE','M2CCM','arthur.rodrigues@alunoct.santoagostinho.com.br',NULL,NULL,NULL,NULL,NULL,NULL,NULL,NULL,2),(113,'C100104','ARTHUR CARVALHO FIGUEIREDO',23,2,'EM - 2ª SÉRIE','M2CBM','arthur.figueiredo@alunoct.santoagostinho.com.br',NULL,NULL,NULL,NULL,NULL,NULL,NULL,NULL,2),(114,'C130144','ANA LUIZA DAVILA RIBEIRO',23,2,'EM - 2ª SÉRIE','M2CBM','ana.ribeiro@alunoct.santoagostinho.com.br',NULL,NULL,NULL,NULL,NULL,NULL,NULL,NULL,2),(115,'C140179','JOÃO PEDRO TORRES DE SOUZA SILVA',23,2,'EM - 2ª SÉRIE','M2CAM','joao.torres@alunoct.santoagostinho.com.br',NULL,NULL,NULL,NULL,NULL,NULL,NULL,NULL,2),(116,'C120119','ANA LAURA SILVA BATISTA',23,2,'EM - 2ª SÉRIE','M2CCM','ana.laura@alunoct.santoagostinho.com.br',NULL,NULL,NULL,NULL,NULL,NULL,NULL,NULL,2),(117,'C120117','PEDRO JOSUÉ LOPES PORTELA',23,2,'EM - 2ª SÉRIE','M2CCM','pedro.portela@alunoct.santoagostinho.com.br',NULL,NULL,NULL,NULL,NULL,NULL,NULL,NULL,2),(118,'C110271','ÁLVARO GABRIEL DA SILVA CATALÁN',23,2,'EM - 2ª SÉRIE','M2CCM','alvaro.catalan@alunoct.santoagostinho.com.br',NULL,NULL,NULL,NULL,NULL,NULL,NULL,NULL,2),(119,'C110192','LUANA LIN LACERDA',23,2,'EM - 2ª SÉRIE','M2CCM','luana.lacerda@alunoct.santoagostinho.com.br',NULL,NULL,NULL,NULL,NULL,NULL,NULL,NULL,2),(120,'C130150','DIOGO HENRIQUE VIGATTI VENTURA',23,2,'EM - 2ª SÉRIE','M2CCM','diogo.ventura@alunoct.santoagostinho.com.br',NULL,NULL,NULL,NULL,NULL,NULL,NULL,NULL,2),(121,'C140210','LUIZA AQUINO BEMFICA',23,2,'EM - 2ª SÉRIE','M2CBM','luiza.bemfica@alunoct.santoagostinho.com.br',NULL,NULL,NULL,NULL,NULL,NULL,NULL,NULL,2),(122,'C130148','AMANDA ANTUNES DE OLIVEIRA',23,2,'EM - 2ª SÉRIE','M2CCM','amanda.oliveira@alunoct.santoagostinho.com.br',NULL,NULL,NULL,NULL,NULL,NULL,NULL,NULL,2),(123,'C130147','NATALIA MITIE TAMEKUNI DE ALMEIDA',23,2,'EM - 2ª SÉRIE','M2CBM','natalia.almeida@alunoct.santoagostinho.com.br',NULL,NULL,NULL,NULL,NULL,NULL,NULL,NULL,2),(124,'C130146','SULAMITA PEREIRA ZICA',23,2,'EM - 2ª SÉRIE','M2CCM','sulamita.zica@alunoct.santoagostinho.com.br',NULL,NULL,NULL,NULL,NULL,NULL,NULL,NULL,2),(125,'C130145','ARTHUR JOSE GOMES DE ALMEIDA',23,2,'EM - 2ª SÉRIE','M2CBM','arthur.jose@alunoct.santoagostinho.com.br',NULL,NULL,NULL,NULL,NULL,NULL,NULL,NULL,2),(126,'C140157','SOPHIA DIAS BARBOSA',23,2,'EM - 2ª SÉRIE','M2CBM','sophia.barbosa@alunoct.santoagostinho.com.br',NULL,NULL,NULL,NULL,NULL,NULL,NULL,NULL,2),(127,'C130236','RAFAEL CARVALHO AVIDAGO GERALDO',23,2,'EM - 2ª SÉRIE','M2CCM','rafael.geraldo@alunoct.santoagostinho.com.br',NULL,NULL,NULL,NULL,NULL,NULL,NULL,NULL,2),(128,'C130155','GUSTAVO PERES MARTINS FERNANDES',23,2,'EM - 2ª SÉRIE','M2CAM','gustavo.fernandes@alunoct.santoagostinho.com.br',NULL,NULL,NULL,NULL,NULL,NULL,NULL,NULL,2),(129,'C130154','HENRIQUE PEREZ MARTINS VIEIRA',23,2,'EM - 2ª SÉRIE','M2CAM','henrique.vieira@alunoct.santoagostinho.com.br',NULL,NULL,NULL,NULL,NULL,NULL,NULL,NULL,2),(130,'C130153','MARIA LUISA NICÁCIO DE JESUS',23,2,'EM - 2ª SÉRIE','M2CBM','maria.jesus@alunoct.santoagostinho.com.br',NULL,NULL,NULL,NULL,NULL,NULL,NULL,NULL,2),(131,'C130152','PEDRO DE OLIVEIRA REIS',23,2,'EM - 2ª SÉRIE','M2CBM',NULL,NULL,NULL,NULL,NULL,NULL,NULL,NULL,NULL,2),(132,'C140173','SARAH EDUARDA FIGUEIREDO',23,2,'EM - 2ª SÉRIE','M2CBM','sarah.figueiredo@alunoct.santoagostinho.com.br',NULL,NULL,NULL,NULL,NULL,NULL,NULL,NULL,2),(133,'C140168','LETÍCIA FERREIRA VALE',23,2,'EM - 2ª SÉRIE','M2CCM','leticia.vale@alunoct.santoagostinho.com.br',NULL,NULL,NULL,NULL,NULL,NULL,NULL,NULL,2),(134,'C140167','PEDRO HENRIQUE DOS SANTOS SILVA',23,2,'EM - 2ª SÉRIE','M2CBM','pedrosantos@alunoct.santoagostinho.com.br',NULL,NULL,NULL,NULL,NULL,NULL,NULL,NULL,2),(135,'C140166','GUSTAVO ESTEVES MACHADO',23,2,'EM - 2ª SÉRIE','M2CBM','gustavo.machado@alunoct.santoagostinho.com.br',NULL,NULL,NULL,NULL,NULL,NULL,NULL,NULL,2),(136,'C140165','RENATA CANUTO FERREIRA',23,2,'EM - 2ª SÉRIE','M2CCM','renata.ferreira@alunoct.santoagostinho.com.br',NULL,NULL,NULL,NULL,NULL,NULL,NULL,NULL,2),(137,'C140161','AMANDA APARECIDA LOPES MAIA',23,2,'EM - 2ª SÉRIE','M2CCM','amanda.maia@alunoct.santoagostinho.com.br',NULL,NULL,NULL,NULL,NULL,NULL,NULL,NULL,2),(138,'C140266','ISABELA LOPES DE PINHO E CASTRO',23,2,'EM - 2ª SÉRIE','M2CBM','isabela.castro@alunoct.santoagostinho.com.br',NULL,NULL,NULL,NULL,NULL,NULL,NULL,NULL,2),(139,'C140185','ANA LUIZA GARCIA COSTA',23,2,'EM - 2ª SÉRIE','M2CCM','anagarcia@alunoct.santoagostinho.com.br',NULL,NULL,NULL,NULL,NULL,NULL,NULL,NULL,2),(140,'C140183','LUCAS DE OLIVEIRA MESQUITA',23,2,'EM - 2ª SÉRIE','M2CAM','lucas.mesquita@alunoct.santoagostinho.com.br',NULL,NULL,NULL,NULL,NULL,NULL,NULL,NULL,2),(141,'C140182','MARINA MAGNO SANTANA',23,2,'EM - 2ª SÉRIE','M2CCM','marina.santana@alunoct.santoagostinho.com.br',NULL,NULL,NULL,NULL,NULL,NULL,NULL,NULL,2),(142,'C140181','PEDRO LUIZ LAS CASAS PEREIRA',23,2,'EM - 2ª SÉRIE','M2CCM','pedro.luiz@alunoct.santoagostinho.com.br',NULL,NULL,NULL,NULL,NULL,NULL,NULL,NULL,2),(143,'C140180','NÍCOLAS FERRAREZI SARMENTO',23,2,'EM - 2ª SÉRIE','M2CCM','nicolas.sarmento@alunoct.santoagostinho.com.br',NULL,NULL,NULL,NULL,NULL,NULL,NULL,NULL,2),(144,'C160181','ANA CLARA BORGES PINTO',23,2,'EM - 2ª SÉRIE','M2CAM','ana.pinto@alunoct.santoagostinho.com.br',NULL,NULL,NULL,NULL,NULL,NULL,NULL,NULL,2),(145,'C150348','MARIA JÚLIA CUNHA PRATES FERREIRA',23,2,'EM - 2ª SÉRIE','M2CAM','maria.prates@alunoct.santoagostinho.com.br',NULL,NULL,NULL,NULL,NULL,NULL,NULL,NULL,2),(146,'C150256','JOÃO PEDRO DE MORAES',23,2,'EM - 2ª SÉRIE','M2CAM','joao.moraes@alunoct.santoagostinho.com.br',NULL,NULL,NULL,NULL,NULL,NULL,NULL,NULL,2),(147,'C150223','DIEGO BARROS BELO',23,2,'EM - 2ª SÉRIE','M2CBM','diego.belo@alunoct.santoagostinho.com.br',NULL,NULL,NULL,NULL,NULL,NULL,NULL,NULL,2),(148,'C150209','SABRYNNA FERNANDES DE OLIVEIRA RAMALHO',23,2,'EM - 2ª SÉRIE','M2CCM','sabrynna.ramalho@alunoct.santoagostinho.com.br',NULL,NULL,NULL,NULL,NULL,NULL,NULL,NULL,2),(149,'C150208','ANA CAROLINA DE MELO TEIXEIRA SANTOS',23,2,'EM - 2ª SÉRIE','M2CAM','anamelo@alunoct.santoagostinho.com.br',NULL,NULL,NULL,NULL,NULL,NULL,NULL,NULL,2),(150,'C160306','ANA CLARA MOREIRA CURI',23,2,'EM - 2ª SÉRIE','M2CAM','ana.curi@alunoct.santoagostinho.com.br',NULL,NULL,NULL,NULL,NULL,NULL,NULL,NULL,2),(151,'C160269','JOÃO VITOR SABADINE LIMA',23,2,'EM - 2ª SÉRIE','M2CBM','joao.sabadine@alunoct.santoagostinho.com.br',NULL,NULL,NULL,NULL,NULL,NULL,NULL,NULL,2),(152,'C160188','BRUNA DUARTE DE OLIVEIRA',23,2,'EM - 2ª SÉRIE','M2CAM','bruna.duarte@alunoct.santoagostinho.com.br',NULL,NULL,NULL,NULL,NULL,NULL,NULL,NULL,2),(153,'C160186','GABRIEL RESENDE DA MATA',23,2,'EM - 2ª SÉRIE','M2CCM','gabriel.mata@alunoct.santoagostinho.com.br',NULL,NULL,NULL,NULL,NULL,NULL,NULL,NULL,2),(154,'C160184','CECILIA MURTA LIMA',23,2,'EM - 2ª SÉRIE','M2CAM','cecilia.lima@alunoct.santoagostinho.com.br',NULL,NULL,NULL,NULL,NULL,NULL,NULL,NULL,2),(155,'C160182','ARTHUR MOTTA GOUVEA BRAGANÇA',23,2,'EM - 2ª SÉRIE','M2CAM','arthur.braganca@alunoct.santoagostinho.com.br',NULL,NULL,NULL,NULL,NULL,NULL,NULL,NULL,2),(156,'C180120','ANA CLARA CARREIRO LARA GOMES',23,2,'EM - 2ª SÉRIE','M2CBM','ana.carreiro@alunoct.santoagostinho.com.br',NULL,NULL,NULL,NULL,NULL,NULL,NULL,NULL,2),(157,'C180117','BIANCA SOUZA ALVES FRANÇA',23,2,'EM - 2ª SÉRIE','M2CBM','bianca.franca@alunoct.santoagostinho.com.br',NULL,NULL,NULL,NULL,NULL,NULL,NULL,NULL,2),(158,'C180114','MARCOS VINÍCIUS OLIVEIRA POMPEU',23,2,'EM - 2ª SÉRIE','M2CCM','marcos.pompeu@alunoct.santoagostinho.com.br',NULL,NULL,NULL,NULL,NULL,NULL,NULL,NULL,2),(159,'C170225','LUIZA RODRIGUES GARCIA',23,2,'EM - 2ª SÉRIE','M2CAM','luiza.garcia@alunoct.santoagostinho.com.br',NULL,NULL,NULL,NULL,NULL,NULL,NULL,NULL,2),(160,'C170209','MARIA EDUARDA GAZIRE DE ABREU',23,2,'EM - 2ª SÉRIE','M2CAM','maria.abreu@alunoct.santoagostinho.com.br',NULL,NULL,NULL,NULL,NULL,NULL,NULL,NULL,2),(161,'C170153','MARIA EDUARDA PINA LAGE',23,2,'EM - 2ª SÉRIE',NULL,NULL,NULL,NULL,NULL,NULL,NULL,NULL,NULL,NULL,2),(162,'C180137','PAULO ANDRÉ DOS SANTOS TEIXEIRA',23,2,'EM - 2ª SÉRIE','M2CAM','paulo.teixeira@alunoct.santoagostinho.com.br',NULL,NULL,NULL,NULL,NULL,NULL,NULL,NULL,2),(163,'C180129','LAURA GIOVANNA MAGALHÃES DE MELO',23,2,'EM - 2ª SÉRIE','M2CCM','laura.giovanna@alunoct.santoagostinho.com.br',NULL,NULL,NULL,NULL,NULL,NULL,NULL,NULL,2),(164,'C180128','PEDRO LUCAS TEIXEIRA DUTRA',23,2,'EM - 2ª SÉRIE','M2CCM','pedro.lucas@alunoct.santoagostinho.com.br',NULL,NULL,NULL,NULL,NULL,NULL,NULL,NULL,2),(165,'C180127','LUCIANA LARA DE MORAIS DOS ANJOS',23,2,'EM - 2ª SÉRIE',NULL,'luciana.anjos@alunobh.santoagostinho.com.br',NULL,NULL,NULL,NULL,NULL,NULL,NULL,NULL,2),(166,'C180123','ANA LUIZA TORRES DE SOUZA',23,2,'EM - 2ª SÉRIE','M2CCM','anatorres@alunoct.santoagostinho.com.br',NULL,NULL,NULL,NULL,NULL,NULL,NULL,NULL,2),(167,'C180122','ANDRÉ LAMOUNIER MOURA FERREIRA',23,2,'EM - 2ª SÉRIE','M2CCM','andre.lamounier@alunoct.santoagostinho.com.br',NULL,NULL,NULL,NULL,NULL,NULL,NULL,NULL,2),(168,'C190130','CLARA LIRA DE MELO GAZEL',23,2,'EM - 2ª SÉRIE','M2CBM','clara.gazel@alunoct.santoagostinho.com.br',NULL,NULL,NULL,NULL,NULL,NULL,NULL,NULL,2),(169,'C180216','LI-AN YANG',23,2,'EM - 2ª SÉRIE',NULL,NULL,NULL,NULL,NULL,NULL,NULL,NULL,NULL,NULL,2),(170,'C180213','ISABELA PENAFORTE MENEZES',23,2,'EM - 2ª SÉRIE','M2CBM','isabela.menezes@alunoct.santoagostinho.com.br',NULL,NULL,NULL,NULL,NULL,NULL,NULL,NULL,2),(171,'C180205','FERNANDA AUGUSTA ALVES VIEIRA',23,2,'EM - 2ª SÉRIE','M2CCM','fernanda.vieira@alunoct.santoagostinho.com.br',NULL,NULL,NULL,NULL,NULL,NULL,NULL,NULL,2),(172,'C180200','PATRÍCIA CAETANO HELMOLD',23,2,'EM - 2ª SÉRIE','M2CCM','patricia.helmold@alunoct.santoagostinho.com.br',NULL,NULL,NULL,NULL,NULL,NULL,NULL,NULL,2),(173,'C180183','LUAN NOGUEIRA SERRANO',23,2,'EM - 2ª SÉRIE','M2CCM','luan.serrano@alunoct.santoagostinho.com.br',NULL,NULL,NULL,NULL,NULL,NULL,NULL,NULL,2),(174,'C190201','LETICIA RODRIGUES CARDOSO',23,2,'EM - 2ª SÉRIE','M2CAM','leticia.cardoso@alunoct.santoagostinho.com.br',NULL,NULL,NULL,NULL,NULL,NULL,NULL,NULL,2),(175,'C190190','FELIPE YOUSSEF BRAGA DA SILVA',23,2,'EM - 2ª SÉRIE','M2CAM','felipe.silva@alunoct.santoagostinho.com.br',NULL,NULL,NULL,NULL,NULL,NULL,NULL,NULL,2),(176,'C190189','JULIA SILVA RANGEL',23,2,'EM - 2ª SÉRIE','M2CAM','julia.rangel@alunoct.santoagostinho.com.br',NULL,NULL,NULL,NULL,NULL,NULL,NULL,NULL,2),(177,'C190132','SAMARA VIANA BANDEIRA',23,2,'EM - 2ª SÉRIE',NULL,NULL,NULL,NULL,NULL,NULL,NULL,NULL,NULL,NULL,2),(178,'C190131','THAINÁ VENEROSO INÁCIO VOGEL DINOA',23,2,'EM - 2ª SÉRIE','M2CAM','thaina.dinoa@alunoct.santoagostinho.com.br',NULL,NULL,NULL,NULL,NULL,NULL,NULL,NULL,2),(179,'C005688','MARCUS VINICIUS SANTOS DE OLIVEIRA',23,2,'EM - 2ª SÉRIE','M2CCM','marcus.oliveira@alunoct.santoagostinho.com.br',NULL,NULL,NULL,NULL,NULL,NULL,NULL,NULL,2),(180,'C005687','DAVI CARVALHAIS GUIMARAES',23,2,'EM - 2ª SÉRIE','M2CCM','davi.guimaraes@alunoct.santoagostinho.com.br',NULL,NULL,NULL,NULL,NULL,NULL,NULL,NULL,2),(181,'C005633','GIORDANO MIGUEL DEBONA ALTOE',23,2,'EM - 2ª SÉRIE','M2CBM','giordano.altoe@alunoct.santoagostinho.com.br',NULL,NULL,NULL,NULL,NULL,NULL,NULL,NULL,2),(182,'C005505','VICTOR GOMES FRADE',23,2,'EM - 2ª SÉRIE','M2CAM','victor.frade@alunoct.santoagostinho.com.br',NULL,NULL,NULL,NULL,NULL,NULL,NULL,NULL,2),(183,'C005502','HAMYLLE BRAGA PINTO COELHO',23,2,'EM - 2ª SÉRIE',NULL,NULL,NULL,NULL,NULL,NULL,NULL,NULL,NULL,NULL,2),(184,'C005500','JULIA DE OLIVEIRA BUGIM',23,2,'EM - 2ª SÉRIE','M2CBM','julia.bugim@alunoct.santoagostinho.com.br',NULL,NULL,NULL,NULL,NULL,NULL,NULL,NULL,2),(185,'C006054','ESTEVÃO WERNECK BARRETO E SOUZA',23,1,'EM - 1ª SÉRIE','M1CCM','estevao.souza@alunoct.santoagostinho.com.br',NULL,NULL,NULL,NULL,NULL,NULL,NULL,NULL,3),(186,'C005819','CAIO HENRIQUE DE MOURA RIBEIRO',23,1,'EM - 1ª SÉRIE','M1CAM','caio.ribeiro@alunoct.santoagostinho.com.br',NULL,NULL,NULL,NULL,NULL,NULL,NULL,NULL,3),(187,'C005816','LUCAS SIQUEIRA NOVAES',23,1,'EM - 1ª SÉRIE','M1CBM','lucas.novaes@alunoct.santoagostinho.com.br',NULL,NULL,NULL,NULL,NULL,NULL,NULL,NULL,3),(188,'C005810','GABRIELA HELENA CARVALHO E SILVA',23,1,'EM - 1ª SÉRIE','M1CBM','gabriela.silva@alunoct.santoagostinho.com.br',NULL,NULL,NULL,NULL,NULL,NULL,NULL,NULL,3),(189,'C005807','ISABELLA ANTUNES DE OLIVEIRA E SOUZA',23,1,'EM - 1ª SÉRIE','M1CBM','isabella.souza@alunoct.santoagostinho.com.br',NULL,NULL,NULL,NULL,NULL,NULL,NULL,NULL,3),(190,'C005806','JULIA NUNES PINTO COELHO',23,1,'EM - 1ª SÉRIE','M1CCM','julia.coelho@alunoct.santoagostinho.com.br',NULL,NULL,NULL,NULL,NULL,NULL,NULL,NULL,3),(191,'C006227','CAIO LOPES MALTA',23,1,'EM - 1ª SÉRIE','M1CCM','caio.malta@alunoct.santoagostinho.com.br',NULL,NULL,NULL,NULL,NULL,NULL,NULL,NULL,3),(192,'C006223','ARTHUR FÉLIX MONTINE SILVA',23,1,'EM - 1ª SÉRIE','M1CAM','arthur.silva@alunoct.santoagostinho.com.br',NULL,NULL,NULL,NULL,NULL,NULL,NULL,NULL,3),(193,'C006222','PEDRO DA CUNHA VIEIRA',23,1,'EM - 1ª SÉRIE',NULL,NULL,NULL,NULL,NULL,NULL,NULL,NULL,NULL,NULL,3),(194,'C006164','ANA KARINE RESENDE MIRANDA',23,1,'EM - 1ª SÉRIE','M1CCM','ana.miranda@alunoct.santoagostinho.com.br',NULL,NULL,NULL,NULL,NULL,NULL,NULL,NULL,3),(195,'C006155','DOUGLAS RICARDO FRANCA',23,1,'EM - 1ª SÉRIE','M1CAM','douglas.franca@alunoct.santoagostinho.com.br',NULL,NULL,NULL,NULL,NULL,NULL,NULL,NULL,3),(196,'C006153','PEDRO LUCAS PEREIRA ABREU',23,1,'EM - 1ª SÉRIE','M1CCM','pedro.abreu@alunoct.santoagostinho.com.br',NULL,NULL,NULL,NULL,NULL,NULL,NULL,NULL,3),(197,'C006474','ALINE GOMES VENTURA MARINHO',23,1,'EM - 1ª SÉRIE','M1CCM','aline.marinho@alunoct.santoagostinho.com.br',NULL,NULL,NULL,NULL,NULL,NULL,NULL,NULL,3),(198,'C006473','ANA JÚLIA SANTOS GONÇALVES',23,1,'EM - 1ª SÉRIE','M1CBM','ana.goncalves@alunoct.santoagostinho.com.br',NULL,NULL,NULL,NULL,NULL,NULL,NULL,NULL,3),(199,'C006468','FELIPE FREITAS CAMPOS PICININ',23,1,'EM - 1ª SÉRIE','M1CBM','felipe.picinin@alunoct.santoagostinho.com.br',NULL,NULL,NULL,NULL,NULL,NULL,NULL,NULL,3),(200,'C180143','JULIANA COSTA BARBOSA',23,1,'EM - 1ª SÉRIE','M1CAM','juliana.barbosa@alunoct.santoagostinho.com.br',NULL,NULL,NULL,NULL,NULL,NULL,NULL,NULL,3),(201,'C006314','RAFAELA OLIVEIRA DIAS',23,1,'EM - 1ª SÉRIE','M1CBM','rafaela.dias@alunoct.santoagostinho.com.br',NULL,NULL,NULL,NULL,NULL,NULL,NULL,NULL,3),(202,'C006231','CAMILA VITORIANA AMORIM',23,1,'EM - 1ª SÉRIE','M1CCM','camila.amorim@alunoct.santoagostinho.com.br',NULL,NULL,NULL,NULL,NULL,NULL,NULL,NULL,3),(203,'C090131','GUSTAVO ALEXANDRE RAMOS DA SILVA',23,1,'EM - 1ª SÉRIE',NULL,'guiujr@oi.com.br',NULL,NULL,NULL,NULL,NULL,NULL,NULL,NULL,3),(204,'C090125','ANDRE DE BARROS DAVID',23,1,'EM - 1ª SÉRIE','M1CAM','andre.david@alunoct.santoagostinho.com.br',NULL,NULL,NULL,NULL,NULL,NULL,NULL,NULL,3),(205,'C090120','GIOVANNA SOARES DE SOUZA',23,1,'EM - 1ª SÉRIE',NULL,'tecnicarb@tecnicarb.com.br',NULL,NULL,NULL,NULL,NULL,NULL,NULL,NULL,3),(206,'C006521','ANA CLARA FURTADO DE MENDONÇA SILVA',23,1,'EM - 1ª SÉRIE','M1CCM','ana.silva@alunoct.santoagostinho.com.br',NULL,NULL,NULL,NULL,NULL,NULL,NULL,NULL,3),(207,'C006513','JULIA BELLEZZIA GENTILUOMO FERREIRA',23,1,'EM - 1ª SÉRIE',NULL,NULL,NULL,NULL,NULL,NULL,NULL,NULL,NULL,NULL,3),(208,'C006492','MANUELA MOURÃO CARRATO',23,1,'EM - 1ª SÉRIE','M1CCM','manuela.carrato@alunoct.santoagostinho.com.br',NULL,NULL,NULL,NULL,NULL,NULL,NULL,NULL,3),(209,'C090199','WAGNER AUGUSTO ALVARES DE FREITAS FILHO',23,1,'EM - 1ª SÉRIE','M1CCM','wagner.filho@alunoct.santoagostinho.com.br',NULL,NULL,NULL,NULL,NULL,NULL,NULL,NULL,3),(210,'C090198','MARIA CLARA BATISTA DA SILVA',23,1,'EM - 1ª SÉRIE','M1CBM','maria.batista@alunoct.santoagostinho.com.br',NULL,NULL,NULL,NULL,NULL,NULL,NULL,NULL,3),(211,'C090174','ARTHUR CÉSAR SILVA REZENDE',23,1,'EM - 1ª SÉRIE','M1CBM','arthur.rezende@alunoct.santoagostinho.com.br',NULL,NULL,NULL,NULL,NULL,NULL,NULL,NULL,3),(212,'C090134','PEDRO HENRIQUE ALVES DE ABREU CAMPOS',23,1,'EM - 1ª SÉRIE',NULL,NULL,NULL,NULL,NULL,NULL,NULL,NULL,NULL,NULL,3),(213,'C090133','MARINA MAIA TEIXEIRA',23,1,'EM - 1ª SÉRIE','M1CBM','marina.maia@alunoct.santoagostinho.com.br',NULL,NULL,NULL,NULL,NULL,NULL,NULL,NULL,3),(214,'C090132','CAROLINA CRISTINA RAMOS DA SILVA',23,1,'EM - 1ª SÉRIE',NULL,NULL,NULL,NULL,NULL,NULL,NULL,NULL,NULL,NULL,3),(215,'C100043','ISABELA MARA SANTOS DE ALMEIDA',23,1,'EM - 1ª SÉRIE',NULL,'lais.olivia@hotmail.com',NULL,NULL,NULL,NULL,NULL,NULL,NULL,NULL,3),(216,'C100038','INGRID GUIDI RIBEIRO',23,1,'EM - 1ª SÉRIE','M1CBM','ingrid.ribeiro@alunoct.santoagostinho.com.br',NULL,NULL,NULL,NULL,NULL,NULL,NULL,NULL,3),(217,'C100037','VINICIUS DE ASSIS CAMPOS',23,1,'EM - 1ª SÉRIE','M1CAM','vinicius.campos@alunoct.santoagostinho.com.br',NULL,NULL,NULL,NULL,NULL,NULL,NULL,NULL,3),(218,'C090355','ANDRÉ RICARDO LAVORATO MORELLI',23,1,'EM - 1ª SÉRIE',NULL,NULL,NULL,NULL,NULL,NULL,NULL,NULL,NULL,NULL,3),(219,'C090348','PEDRO HENRIQUE CORDEIRO ALVES',23,1,'EM - 1ª SÉRIE',NULL,'REGINA.CORDEIRO2@HOTMAIL.COM',NULL,NULL,NULL,NULL,NULL,NULL,NULL,NULL,3),(220,'C090246','GABRIEL ASSUNÇÃO SILVA',23,1,'EM - 1ª SÉRIE','M1CAM','gabriel.assuncao@alunoct.santoagostinho.com.br',NULL,NULL,NULL,NULL,NULL,NULL,NULL,NULL,3),(221,'C100058','ANA CLARA GOMES DE CASTRO',23,1,'EM - 1ª SÉRIE','M1CCM','ana.gomes@alunoct.santoagostinho.com.br',NULL,NULL,NULL,NULL,NULL,NULL,NULL,NULL,3),(222,'C100055','AYNÁ GOULART CORDEIRO',23,1,'EM - 1ª SÉRIE','M1CBM','ayna.cordeiro@alunoct.santoagostinho.com.br',NULL,NULL,NULL,NULL,NULL,NULL,NULL,NULL,3),(223,'C100053','MARCELO ALVES MARCELINO MACHADO DO PINHO',23,1,'EM - 1ª SÉRIE','M1CCM','marcelo.pinho@alunoct.santoagostinho.com.br',NULL,NULL,NULL,NULL,NULL,NULL,NULL,NULL,3),(224,'C100051','MARIA LUÍZA DIAS REZENDE',23,1,'EM - 1ª SÉRIE',NULL,'maria.rezende@alunobh.santoagostinho.com.br',NULL,NULL,NULL,NULL,NULL,NULL,NULL,NULL,3),(225,'C100049','JÚLIA WERNECK DOS SANTOS MONTEIRO',23,1,'EM - 1ª SÉRIE','M1CAM','julia.monteiro@alunoct.santoagostinho.com.br',NULL,NULL,NULL,NULL,NULL,NULL,NULL,NULL,3),(226,'C100046','GABRIEL MILAGRES CRUZ VIEGAS',23,1,'EM - 1ª SÉRIE','M1CCM','gabriel.viegas@alunoct.santoagostinho.com.br',NULL,NULL,NULL,NULL,NULL,NULL,NULL,NULL,3),(227,'C170144','JÚLIA MOURA BUENO',23,1,'EM - 1ª SÉRIE','M1CAM','julia.bueno@alunoct.santoagostinho.com.br',NULL,NULL,NULL,NULL,NULL,NULL,NULL,NULL,3),(228,'C100066','GABRIEL AVELAR VOCURCA',23,1,'EM - 1ª SÉRIE','M1CBM','gabriel.vocurca@alunoct.santoagostinho.com.br',NULL,NULL,NULL,NULL,NULL,NULL,NULL,NULL,3),(229,'C100065','VITORIA DE SOUZA RIBEIRO COSTA',23,1,'EM - 1ª SÉRIE','M1CBM','rosaneC.ribeiro@hotmail.com',NULL,NULL,NULL,NULL,NULL,NULL,NULL,NULL,3),(230,'C100062','THAIS MARQUES LEITE',23,1,'EM - 1ª SÉRIE','M1CAM','thais.leite@alunoct.santoagostinho.com.br',NULL,NULL,NULL,NULL,NULL,NULL,NULL,NULL,3),(231,'C100061','GUILHERME DRUMOND SILVA',23,1,'EM - 1ª SÉRIE','M1CAM','mary.da.silva@hotmail.com',NULL,NULL,NULL,NULL,NULL,NULL,NULL,NULL,3),(232,'C100060','ISABELA DE BARROS CALDEIRA',23,1,'EM - 1ª SÉRIE','M1CAM','isabela.caldeira@alunoct.santoagostinho.com.br',NULL,NULL,NULL,NULL,NULL,NULL,NULL,NULL,3),(233,'C110075','GABRIEL MONTEIRO TAVARES NETO',23,1,'EM - 1ª SÉRIE','M1CBM','gabriel.neto@alunoct.santoagostinho.com.br',NULL,NULL,NULL,NULL,NULL,NULL,NULL,NULL,3),(234,'C100207','GIOVANA VIEIRA MAIA',23,1,'EM - 1ª SÉRIE',NULL,NULL,NULL,NULL,NULL,NULL,NULL,NULL,NULL,NULL,3),(235,'C100172','LETÍCIA RAMALHO GÓES',23,1,'EM - 1ª SÉRIE',NULL,NULL,NULL,NULL,NULL,NULL,NULL,NULL,NULL,NULL,3),(236,'C100171','ISABELLA KATLEN DE SENA MARTINS',23,1,'EM - 1ª SÉRIE',NULL,NULL,NULL,NULL,NULL,NULL,NULL,NULL,NULL,NULL,3),(237,'C100169','MATHEUS MORAIS SANTOS',23,1,'EM - 1ª SÉRIE','M1CCM','matheus.santos@alunoct.santoagostinho.com.br',NULL,NULL,NULL,NULL,NULL,NULL,NULL,NULL,3),(238,'C100168','CLARA ELLIS DAMACENO DE FARIA',23,1,'EM - 1ª SÉRIE','M1CBM','clara.faria@alunoct.santoagostinho.com.br',NULL,NULL,NULL,NULL,NULL,NULL,NULL,NULL,3),(239,'C110268','RAQUEL PIMENTA VIEIRA',23,1,'EM - 1ª SÉRIE','M1CCM','raquel.vieira@alunoct.santoagostinho.com.br',NULL,NULL,NULL,NULL,NULL,NULL,NULL,NULL,3),(240,'C110082','MARIA CECÍLIA ALMEIDA MARQUES',23,1,'EM - 1ª SÉRIE','M1CCM','maria.marques@alunoct.santoagostinho.com.br',NULL,NULL,NULL,NULL,NULL,NULL,NULL,NULL,3),(241,'C130132','MARCELA LEITE OLIVEIRA',23,1,'EM - 1ª SÉRIE','M1CCM','marcela.oliveira@alunoct.santoagostinho.com.br',NULL,NULL,NULL,NULL,NULL,NULL,NULL,NULL,3),(242,'C110079','SOFIA GOMES DE PAULA',23,1,'EM - 1ª SÉRIE','M1CBM','sofia.paula@alunoct.santoagostinho.com.br',NULL,NULL,NULL,NULL,NULL,NULL,NULL,NULL,3),(243,'C110077','EMANUELLE SUZIE CÂNDIDA E SILVA',23,1,'EM - 1ª SÉRIE','M1CAM','emanuelle.silva@alunoct.santoagostinho.com.br',NULL,NULL,NULL,NULL,NULL,NULL,NULL,NULL,3),(244,'C110076','ISADORA PAES GOMES RIBEIRO',23,1,'EM - 1ª SÉRIE','M1CAM','isadora.ribeiro@alunoct.santoagostinho.com.br',NULL,NULL,NULL,NULL,NULL,NULL,NULL,NULL,3),(245,'C120114','LUCAS EDUARDO GALVÃO LIMA',23,1,'EM - 1ª SÉRIE','M1CBM','lucas.lima@alunoct.santoagostinho.com.br',NULL,NULL,NULL,NULL,NULL,NULL,NULL,NULL,3),(246,'C120113','MARIA EDUARDA SANTOS FARIA',23,1,'EM - 1ª SÉRIE','M1CCM','maria.faria@alunoct.santoagostinho.com.br',NULL,NULL,NULL,NULL,NULL,NULL,NULL,NULL,3),(247,'C120112','HEYTOR JUSTINO COTRIM VAZ',23,1,'EM - 1ª SÉRIE','M1CCM','heytor.vaz@alunoct.santoagostinho.com.br',NULL,NULL,NULL,NULL,NULL,NULL,NULL,NULL,3),(248,'C120111','ATHOS MARTINEZ ANDRADE',23,1,'EM - 1ª SÉRIE',NULL,'MARTELIANA@GMAIL.COM',NULL,NULL,NULL,NULL,NULL,NULL,NULL,NULL,3),(249,'C150194','ISABELLA VILELA DIAS',23,1,'EM - 1ª SÉRIE','M1CAM','isabella.dias@alunoct.santoagostinho.com.br',NULL,NULL,NULL,NULL,NULL,NULL,NULL,NULL,3),(250,'C120109','CYNARA GOMES VIGGIANO',23,1,'EM - 1ª SÉRIE','M1CBM','cynara.viggiano@alunoct.santoagostinho.com.br',NULL,NULL,NULL,NULL,NULL,NULL,NULL,NULL,3),(251,'C130127','ALÍCIA MARÇOLA CHAVES',23,1,'EM - 1ª SÉRIE',NULL,NULL,NULL,NULL,NULL,NULL,NULL,NULL,NULL,NULL,3),(252,'C120274','GUILHERME INÁCIO FERREIRA MACIEL',23,1,'EM - 1ª SÉRIE','M1CAM','guilherme.maciel@alunoct.santoagostinho.com.br',NULL,NULL,NULL,NULL,NULL,NULL,NULL,NULL,3),(253,'C160178','MARIA ALICE VALE FERNANDES',23,1,'EM - 1ª SÉRIE','M1CAM','IVAN.FERNANDES@BR.MAPAL.COM',NULL,NULL,NULL,NULL,NULL,NULL,NULL,NULL,3),(254,'C120211','SAVIO MARTINS DA SILVA LIMA',23,1,'EM - 1ª SÉRIE','M1CAM','savio.lima@alunoct.santoagostinho.com.br',NULL,NULL,NULL,NULL,NULL,NULL,NULL,NULL,3),(255,'C120116','JOÃO VICTOR FREITAS GOMES',23,1,'EM - 1ª SÉRIE','M1CBM','joao.gomes@alunoct.santoagostinho.com.br',NULL,NULL,NULL,NULL,NULL,NULL,NULL,NULL,3),(256,'C120115','PEDRO AUGUSTO MONTEIRO DELGADO',23,1,'EM - 1ª SÉRIE',NULL,'LUIZ.DELGADO@IG.COM.BR',NULL,NULL,NULL,NULL,NULL,NULL,NULL,NULL,3),(257,'C130138','PEDRO HENRIQUE CAMPOS LIMA',23,1,'EM - 1ª SÉRIE',NULL,NULL,NULL,NULL,NULL,NULL,NULL,NULL,NULL,NULL,3),(258,'C130137','ISABELA DIAS BREDER BASTOS',23,1,'EM - 1ª SÉRIE','M1CAM','isabela.bastos@alunoct.santoagostinho.com.br',NULL,NULL,NULL,NULL,NULL,NULL,NULL,NULL,3),(259,'C130136','MARIANA KOULOURES FERREIRA DOS REIS',23,1,'EM - 1ª SÉRIE',NULL,NULL,NULL,NULL,NULL,NULL,NULL,NULL,NULL,NULL,3),(260,'C130134','LUCAS SCOFIELD TEIXEIRA',23,1,'EM - 1ª SÉRIE',NULL,NULL,NULL,NULL,NULL,NULL,NULL,NULL,NULL,NULL,3),(261,'C130129','GABRIELA LEMOS SILVA',23,1,'EM - 1ª SÉRIE',NULL,NULL,NULL,NULL,NULL,NULL,NULL,NULL,NULL,NULL,3),(262,'C130128','MARIA CLARA VERTELO VALE',23,1,'EM - 1ª SÉRIE','M1CCM','maria.vale@alunoct.santoagostinho.com.br',NULL,NULL,NULL,NULL,NULL,NULL,NULL,NULL,3),(263,'C140142','ANA CRISTINA RAPOSO',23,1,'EM - 1ª SÉRIE','M1CCM','ana.raposo@alunoct.santoagostinho.com.br',NULL,NULL,NULL,NULL,NULL,NULL,NULL,NULL,3),(264,'C140137','TIAGO HENRIQUE FRAGA',23,1,'EM - 1ª SÉRIE','M1CBM','tiago.fraga@alunoct.santoagostinho.com.br',NULL,NULL,NULL,NULL,NULL,NULL,NULL,NULL,3),(265,'C130315','IAGO ZAGNOLI ALBERGARIA',23,1,'EM - 1ª SÉRIE',NULL,NULL,NULL,NULL,NULL,NULL,NULL,NULL,NULL,NULL,3),(266,'C130299','ÁGATA SILVA OLIVEIRA',23,1,'EM - 1ª SÉRIE','M1CAM','agata.oliveira@alunoct.santoagostinho.com.br',NULL,NULL,NULL,NULL,NULL,NULL,NULL,NULL,3),(267,'C130297','CAMILA CARVALHO FREITAS',23,1,'EM - 1ª SÉRIE','M1CBM','camila.freitas@alunoct.santoagostinho.com.br',NULL,NULL,NULL,NULL,NULL,NULL,NULL,NULL,3),(268,'C130140','PEDRO AUGUSTO FRAGA DUARTE',23,1,'EM - 1ª SÉRIE','M1CAM','pedro.duarte@alunoct.santoagostinho.com.br',NULL,NULL,NULL,NULL,NULL,NULL,NULL,NULL,3),(269,'C140153','RICARDO HENRIQUE DE LIMA MATTOS',23,1,'EM - 1ª SÉRIE',NULL,NULL,NULL,NULL,NULL,NULL,NULL,NULL,NULL,NULL,3),(270,'C140147','BERNARDO PEDROSO MAGALHÃES',23,1,'EM - 1ª SÉRIE',NULL,NULL,NULL,NULL,NULL,NULL,NULL,NULL,NULL,NULL,3),(271,'C140146','SATLER FERNANDES ROCHA',23,1,'EM - 1ª SÉRIE','M1CCM','satler.rocha@alunoct.santoagostinho.com.br',NULL,NULL,NULL,NULL,NULL,NULL,NULL,NULL,3),(272,'C140145','ANNA LUIZA DE CASTRO CONDE',23,1,'EM - 1ª SÉRIE','M1CBM','anna.conde@alunoct.santoagostinho.com.br',NULL,NULL,NULL,NULL,NULL,NULL,NULL,NULL,3),(273,'C140144','LUIZ HENRIQUE MIRANDA PACHECO DE CASTRO',23,1,'EM - 1ª SÉRIE','M1CCM','luiz.henrique@alunoct.santoagostinho.com.br',NULL,NULL,NULL,NULL,NULL,NULL,NULL,NULL,3),(274,'C140143','INÁCIO ALVARENGA SOUZA AGUIAR',23,1,'EM - 1ª SÉRIE','M1CBM','inacio.aguiar@alunoct.santoagostinho.com.br',NULL,NULL,NULL,NULL,NULL,NULL,NULL,NULL,3),(275,'C150198','LUIZA DE SOUSA ESTIVAL',23,1,'EM - 1ª SÉRIE','M1CAM','luiza.estival@alunoct.santoagostinho.com.br',NULL,NULL,NULL,NULL,NULL,NULL,NULL,NULL,3),(276,'C150193','MATHEUS FELIPE PEREIRA SOARES',23,1,'EM - 1ª SÉRIE',NULL,NULL,NULL,NULL,NULL,NULL,NULL,NULL,NULL,NULL,3),(277,'C150191','THALYA VITÓRIA RODRIGUES COSTA',23,1,'EM - 1ª SÉRIE',NULL,NULL,NULL,NULL,NULL,NULL,NULL,NULL,NULL,NULL,3),(278,'C150190','LUIZA CRISTINA SANTOS REIS',23,1,'EM - 1ª SÉRIE','M1CAM','luiza.cristina@alunoct.santoagostinho.com.br',NULL,NULL,NULL,NULL,NULL,NULL,NULL,NULL,3),(279,'C140229','ANA VICTORIA POLYCARPO DE FREITAS',23,1,'EM - 1ª SÉRIE','M1CCM','ana.freitas@alunoct.santoagostinho.com.br',NULL,NULL,NULL,NULL,NULL,NULL,NULL,NULL,3),(280,'C140155','JÚLIA ROLINDO PAIVA',23,1,'EM - 1ª SÉRIE','M1CAM','julia.paiva@alunoct.santoagostinho.com.br',NULL,NULL,NULL,NULL,NULL,NULL,NULL,NULL,3),(281,'C150338','ANA MERCÊS FERREIRA DE MATOS',23,1,'EM - 1ª SÉRIE','M1CCM','ana.matos@alunoct.santoagostinho.com.br',NULL,NULL,NULL,NULL,NULL,NULL,NULL,NULL,3),(282,'C150325','ÍNGRID XAVIER RIBEIRO',23,1,'EM - 1ª SÉRIE','M1CBM','ingrid.xavier@alunoct.santoagostinho.com.br',NULL,NULL,NULL,NULL,NULL,NULL,NULL,NULL,3),(283,'C150292','ARTHUR FELIX POEIRAS',23,1,'EM - 1ª SÉRIE',NULL,NULL,NULL,NULL,NULL,NULL,NULL,NULL,NULL,NULL,3),(284,'C150203','LAURO HUMBERTO OLIVEIRA DE MORO',23,1,'EM - 1ª SÉRIE','M1CBM','lauro.moro@alunoct.santoagostinho.com.br',NULL,NULL,NULL,NULL,NULL,NULL,NULL,NULL,3),(285,'C150200','ANA JULIA SOUSA MARINHO',23,1,'EM - 1ª SÉRIE',NULL,NULL,NULL,NULL,NULL,NULL,NULL,NULL,NULL,NULL,3),(286,'C150199','GABRIEL FIGUEIREDO FERREIRA',23,1,'EM - 1ª SÉRIE','M1CAM','gabriel.figueiredo@alunoct.santoagostinho.com.br',NULL,NULL,NULL,NULL,NULL,NULL,NULL,NULL,3),(287,'C160232','MARIA EDUARDA FRAGA PORTILHO GONTIJO',23,1,'EM - 1ª SÉRIE','M1CAM','maria.gontijo@alunoct.santoagostinho.com.br',NULL,NULL,NULL,NULL,NULL,NULL,NULL,NULL,3),(288,'C160187','LARISSA ARAUJO SOUZA',23,1,'EM - 1ª SÉRIE','M1CAM','larissa.souza@alunoct.santoagostinho.com.br',NULL,NULL,NULL,NULL,NULL,NULL,NULL,NULL,3),(289,'C160176','CHRISTOPHER CÉSAR DE MELO ANDRADE',23,1,'EM - 1ª SÉRIE',NULL,NULL,NULL,NULL,NULL,NULL,NULL,NULL,NULL,NULL,3),(290,'C160174','MATHEUS HENRIQUE DE MOURA',23,1,'EM - 1ª SÉRIE','M1CAM','matheus.moura@alunoct.santoagostinho.com.br',NULL,NULL,NULL,NULL,NULL,NULL,NULL,NULL,3),(291,'C160173','DANIEL ESTEVAM PACHECO DE SOUZA',23,1,'EM - 1ª SÉRIE',NULL,NULL,NULL,NULL,NULL,NULL,NULL,NULL,NULL,NULL,3),(292,'C150372','MARIANNA AGANETE VIEIRA',23,1,'EM - 1ª SÉRIE','M1CCM','marianna.vieira@alunoct.santoagostinho.com.br',NULL,NULL,NULL,NULL,NULL,NULL,NULL,NULL,3),(293,'C170147','LARISSA GONÇALVES SILVA',23,1,'EM - 1ª SÉRIE',NULL,NULL,NULL,NULL,NULL,NULL,NULL,NULL,NULL,NULL,3),(294,'C170146','BERNARDO CARLOS DO NASCIMENTO',23,1,'EM - 1ª SÉRIE','M1CAM','bernardo.carlos@alunoct.santoagostinho.com.br',NULL,NULL,NULL,NULL,NULL,NULL,NULL,NULL,3),(295,'C170145','LAURA DE PAULO AMARAL',23,1,'EM - 1ª SÉRIE','M1CBM','laura.paulo@alunoct.santoagostinho.com.br',NULL,NULL,NULL,NULL,NULL,NULL,NULL,NULL,3),(296,'C160277','LUCAS RIBEIRO DUTRA',23,1,'EM - 1ª SÉRIE',NULL,NULL,NULL,NULL,NULL,NULL,NULL,NULL,NULL,NULL,3),(297,'C160268','ISABELA LIMA DIAS',23,1,'EM - 1ª SÉRIE','M1CAM','isabela.dias@alunoct.santoagostinho.com.br',NULL,NULL,NULL,NULL,NULL,NULL,NULL,NULL,3),(298,'C160251','GIOVANNA OLIVEIRA GUIMARÃES',23,1,'EM - 1ª SÉRIE','M1CCM','giovanna.o@alunoct.santoagostinho.com.br',NULL,NULL,NULL,NULL,NULL,NULL,NULL,NULL,3),(299,'C180142','MARIA CECÍLIA SOARES DE SOUZA',23,1,'EM - 1ª SÉRIE','M1CBM','mariasoares@alunoct.santoagostinho.com.br',NULL,NULL,NULL,NULL,NULL,NULL,NULL,NULL,3),(300,'C170251','RILLARY EDUARDA MOREIRA COSTA',23,1,'EM - 1ª SÉRIE',NULL,NULL,NULL,NULL,NULL,NULL,NULL,NULL,NULL,NULL,3),(301,'C170151','CAUÊ CUNHA SANTOS',23,1,'EM - 1ª SÉRIE',NULL,NULL,NULL,NULL,NULL,NULL,NULL,NULL,NULL,NULL,3),(302,'C170150','ANA LUIZA RIBEIRO DO CARMO',23,1,'EM - 1ª SÉRIE','M1CBM','anacarmo@alunoct.santoagostinho.com.br',NULL,NULL,NULL,NULL,NULL,NULL,NULL,NULL,3),(303,'C170149','VICTOR ALMEIDA MORAIS',23,1,'EM - 1ª SÉRIE',NULL,NULL,NULL,NULL,NULL,NULL,NULL,NULL,NULL,NULL,3),(304,'C170148','PEDRO GUSTAVO DOS SANTOS BRANDÃO',23,1,'EM - 1ª SÉRIE',NULL,NULL,NULL,NULL,NULL,NULL,NULL,NULL,NULL,NULL,3),(305,'C190108','PEDRO HENRIQUE TAVARES DE OLIVEIRA',23,1,'EM - 1ª SÉRIE','M1CCM','pedro.oliveira@alunoct.santoagostinho.com.br',NULL,NULL,NULL,NULL,NULL,NULL,NULL,NULL,3),(306,'C190107','CLARA TAVES DE ASSIS ANGELO MACHADO',23,1,'EM - 1ª SÉRIE','M1CBM','clara.machado@alunoct.santoagostinho.com.br',NULL,NULL,NULL,NULL,NULL,NULL,NULL,NULL,3),(307,'C190106','CAIO EDUARDO ALMEIDA VIGANÓ',23,1,'EM - 1ª SÉRIE',NULL,NULL,NULL,NULL,NULL,NULL,NULL,NULL,NULL,NULL,3),(308,'C190105','ANA LUÍZA SIQUEIRA PEDROSO',23,1,'EM - 1ª SÉRIE','M1CCM','ana.pedroso@alunoct.santoagostinho.com.br',NULL,NULL,NULL,NULL,NULL,NULL,NULL,NULL,3),(309,'C190104','MATEUS FELIPE LOPES DOS SANTOS',23,1,'EM - 1ª SÉRIE',NULL,NULL,NULL,NULL,NULL,NULL,NULL,NULL,NULL,NULL,3),(310,'C180177','GABRIELA LIMA BARBOSA',23,1,'EM - 1ª SÉRIE','M1CBM','gabriela.barbosa@alunoct.santoagostinho.com.br',NULL,NULL,NULL,NULL,NULL,NULL,NULL,NULL,3),(311,'C190167','MANUELLA GOMES MILANI',23,1,'EM - 1ª SÉRIE','M1CCM','manuella.milani@alunoct.santoagostinho.com.br',NULL,NULL,NULL,NULL,NULL,NULL,NULL,NULL,3),(312,'C190166','LUCAS OLIVEIRA REIS',23,1,'EM - 1ª SÉRIE','M1CBM','lucas.reis@alunoct.santoagostinho.com.br',NULL,NULL,NULL,NULL,NULL,NULL,NULL,NULL,3),(313,'C190112','MARIA LUIZA BENFICA XAVIER',23,1,'EM - 1ª SÉRIE',NULL,NULL,NULL,NULL,NULL,NULL,NULL,NULL,NULL,NULL,3),(314,'C190111','ANA LUIZA GALVÃO DE BRITO',23,1,'EM - 1ª SÉRIE',NULL,NULL,NULL,NULL,NULL,NULL,NULL,NULL,NULL,NULL,3),(315,'C190110','VINÍCIUS ARTHUR FERREIRA GONÇALVES',23,1,'EM - 1ª SÉRIE','M1CBM','vinicius.goncalves@alunoct.santoagostinho.com.br',NULL,NULL,NULL,NULL,NULL,NULL,NULL,NULL,3),(316,'C190109','VITOR DE SOUSA ALMEIDA',23,1,'EM - 1ª SÉRIE','M1CCM','vitor.almeida@alunoct.santoagostinho.com.br',NULL,NULL,NULL,NULL,NULL,NULL,NULL,NULL,3),(317,'C190200','SOPHIA CARVALHO DE FARIA',23,1,'EM - 1ª SÉRIE','M1CBM','sophia.faria@alunoct.santoagostinho.com.br',NULL,NULL,NULL,NULL,NULL,NULL,NULL,NULL,3),(318,'C190188','CARLOS EDUARDO GUIMARÃES DANTAS',23,1,'EM - 1ª SÉRIE',NULL,NULL,NULL,NULL,NULL,NULL,NULL,NULL,NULL,NULL,3),(319,'C190169','ROGERIO FRANCA IZIDORIO',23,1,'EM - 1ª SÉRIE',NULL,NULL,NULL,NULL,NULL,NULL,NULL,NULL,NULL,NULL,3),(320,'C190168','TIAGO ALVES FONSECA',23,1,'EM - 1ª SÉRIE','M1CBM','tiago.fonseca@alunoct.santoagostinho.com.br',NULL,NULL,NULL,NULL,NULL,NULL,NULL,NULL,3),(321,'C005805','MARIA EDUARDA ESPINDOLA BARBOSA',23,1,'EM - 1ª SÉRIE','M1CAM','maria.barbosa@alunoct.santoagostinho.com.br',NULL,NULL,NULL,NULL,NULL,NULL,NULL,NULL,3),(322,'C005801','PEDRO HENRIQUE DE SOUZA PACHECO',23,1,'EM - 1ª SÉRIE',NULL,NULL,NULL,NULL,NULL,NULL,NULL,NULL,NULL,NULL,3),(323,'C005800','MARIA FERNANDA PINTO GUIMARÃES',23,1,'EM - 1ª SÉRIE',NULL,'marcelaortopedia@hotmail.com',NULL,NULL,NULL,NULL,NULL,NULL,NULL,NULL,3),(324,'C005799','ALICIA CAROLINA DE OLIVEIRA',23,1,'EM - 1ª SÉRIE','M1CAM','alicia.oliveira@alunoct.santoagostinho.com.br',NULL,NULL,NULL,NULL,NULL,NULL,NULL,NULL,3),(325,'C005681','BERNARDO ZSCHABER MORATO NOGUEIRA',23,1,'EM - 1ª SÉRIE',NULL,NULL,NULL,NULL,NULL,NULL,NULL,NULL,NULL,NULL,3),(326,'C005158','MARCO AURELIO GONCALVES ALVES',23,1,'EM - 1ª SÉRIE','M1CCM','marco.alves@alunoct.santoagostinho.com.br',NULL,NULL,NULL,NULL,NULL,NULL,NULL,NULL,3);
/*!40000 ALTER TABLE `teste_alunos` ENABLE KEYS */;
UNLOCK TABLES;
/*!40103 SET TIME_ZONE=@OLD_TIME_ZONE */;

/*!40101 SET SQL_MODE=@OLD_SQL_MODE */;
/*!40014 SET FOREIGN_KEY_CHECKS=@OLD_FOREIGN_KEY_CHECKS */;
/*!40014 SET UNIQUE_CHECKS=@OLD_UNIQUE_CHECKS */;
/*!40101 SET CHARACTER_SET_CLIENT=@OLD_CHARACTER_SET_CLIENT */;
/*!40101 SET CHARACTER_SET_RESULTS=@OLD_CHARACTER_SET_RESULTS */;
/*!40101 SET COLLATION_CONNECTION=@OLD_COLLATION_CONNECTION */;
/*!40111 SET SQL_NOTES=@OLD_SQL_NOTES */;

-- Dump completed on 2019-05-13 11:08:56
